VendorNumber,VendorName,TotalPurchaseDollars,TotalPurchaseQuantity,PurchaseContributionPct,MedianLeadTimeDays,AverageLeadTimeDays,LeadTimeStdDevDays,InvoiceMatchRatePct,QuantityAlignmentRatePct,DollarAlignmentRatePct,AbsoluteAvgPriceVariancePct,EstimatedEndingInventoryCost,PerformanceStatus,PurchaseOrderKeyCount,MatchedPOCount,SupplierPerformanceScore
3960,DIAGEO NORTH AMERICA INC,50959796.85,5459788.0,15.8309026591149,11.0,11.10909090909091,1.77088309496334,61.76470588235294,100.0,100.0,0.0,2560.6199999999994,Stable / Acceptable,68.0,42.0,50.08003000381001
4425,MARTIGNETTI COMPANIES,27861690.02,2640411.0,8.655366188435917,10.5,10.597560975609756,2.15944526540053,72.63157894736842,100.0,100.0,0.0,8438.570000000002,Stable / Acceptable,95.0,69.0,46.56440500381001
12546,JIM BEAM BRANDS COMPANY,24203151.05,2737165.0,7.518823700263723,11.0,11.10909090909091,2.114086154668317,64.17910447761194,100.0,100.0,0.0,14802.200000000004,Watchlist,67.0,43.0,43.59565500381001
17035,PERNOD RICARD USA,24124091.56,1647558.0,7.4942634946146836,11.0,11.145454545454545,1.7577150763312832,61.76470588235294,100.0,100.0,0.0,3851.76,Stable / Acceptable,68.0,42.0,50.39253000381001
480,BACARDI USA INC,17624378.72,1427075.0,5.475096864396077,11.0,11.327272727272728,1.9725387425622567,64.17910447761194,100.0,100.0,0.0,10380.83,Stable / Acceptable,67.0,43.0,48.90815500381001
1392,CONSTELLATION BRANDS INC,15573917.9,2325892.0,4.838111482698094,12.0,11.290909090909093,1.6961036751235687,61.76470588235294,100.0,100.0,0.0,28.35,Stable / Acceptable,68.0,42.0,49.45503000381001
1128,BROWN-FORMAN CORP,13529433.08,1006122.0,4.202982573751942,11.0,10.854545454545455,1.9946055195078487,61.76470588235294,100.0,100.0,0.0,329.52,Watchlist,68.0,42.0,42.11128000381
9165,ULTRA BEVERAGE COMPANY LLP,13210613.93,1077527.0,4.10393989223639,12.0,11.78181818181818,1.822604049673302,61.76470588235294,100.0,100.0,0.0,28278.900000000005,Stable / Acceptable,68.0,42.0,45.86128000381001
3252,E & J GALLO WINERY,12289608.09,1858260.0,3.8178250585286815,11.0,11.2,1.9187187082742176,61.76470588235294,100.0,100.0,0.0,901.95,Stable / Acceptable,68.0,42.0,45.39253000381001
9552,M S WALKER INC,10935817.3,1372841.0,3.3972635268494944,11.0,11.4,1.7277688459933478,64.17910447761194,100.0,100.0,0.0,17314.960000000003,High Performing,67.0,43.0,56.95503000381
8004,SAZERAC CO INC,9916770.26,1417727.0,3.080691729226656,11.0,10.709090909090907,2.0337224333784927,61.76470588235294,100.0,100.0,0.0,3009.99,Watchlist,68.0,42.0,41.01753000381
8112,MOET HENNESSY USA INC,9472995.2,427867.0,2.942830901443492,11.0,10.6,1.8915014612148144,61.76470588235294,100.0,100.0,0.0,482.02,Stable / Acceptable,68.0,42.0,46.79878000381
7245,PROXIMO SPIRITS INC.,7588029.9,682042.0,2.357257488190976,11.0,10.690909090909091,1.73068951440927,61.76470588235294,100.0,100.0,0.0,317.98,Stable / Acceptable,68.0,42.0,51.17378000381001
3664,WILLIAM GRANT & SONS INC,5960744.35,302685.0,1.8517335117814373,11.0,11.072727272727272,2.017098626415394,61.76470588235294,100.0,100.0,0.0,660.71,Watchlist,68.0,42.0,41.48628000381001
10754,PERFECTA WINES,5665501.53,553116.0,1.760014929033151,10.0,10.654545454545454,2.029579246837117,61.76470588235294,100.0,100.0,0.0,11155.77,Stable / Acceptable,68.0,42.0,46.87690500381
9815,WINE GROUP INC,5258636.79,888385.0,1.633620467270965,11.0,10.872727272727271,1.85646563298776,61.76470588235294,100.0,100.0,0.0,109.09,Stable / Acceptable,68.0,42.0,47.73628000381001
11567,CAMPARI AMERICA,4141720.71,501284.0,1.286645188053772,11.0,10.6,1.7277688459933478,61.76470588235294,100.0,100.0,0.0,,Stable / Acceptable,68.0,42.0,51.56440500381001
2000,SOUTHERN WINE & SPIRITS NE,3699813.46,402677.0,1.1493646043085255,11.0,10.763636363636364,1.895058255369948,61.76470588235294,100.0,100.0,0.0,50870.32,Stable / Acceptable,68.0,42.0,46.64253000381001
8664,"STOLI GROUP,(USA) LLC",3666478.72,314035.0,1.1390090091781084,11.0,10.945454545454544,1.6601894338384873,61.76470588235294,100.0,100.0,0.0,53.52,Stable / Acceptable,68.0,42.0,52.58003000381001
660,SAZERAC NORTH AMERICA INC.,3537977.55,503931.0,1.0990895110717818,11.0,10.654545454545454,1.974074389928023,61.76470588235294,100.0,100.0,0.0,787.98,Watchlist,68.0,42.0,43.36128000381
