VendorNumber,VendorName,TotalPurchaseDollars,PurchaseContributionPct,MedianLeadTimeDays,LeadTimeStdDevDays,LeadTimeVarianceDays,InvoiceMatchRatePct,QuantityAlignmentRatePct,AbsoluteAvgPriceVariancePct,EligibleInventoryTurnover,EstimatedEndingInventoryCost,SupplierPerformanceScore,PerformanceStatus,ObservedLeadTimeOrderCount,MatchedPOCount,PurchaseOrderKeyCount,HighLeadTimeRisk,LeadTimeConsistencyRisk,DeliveryReconciliationRisk,PriceVarianceRisk,HighSpendConcentrationFlag,InventoryExposureRisk,HighCycleTimePOCount,POAgingRisk,RiskFlagCount,SupplierConcentrationPct,PortfolioMedianLeadTimeDays,RecommendedAttention
3960,DIAGEO NORTH AMERICA INC,50959796.85,15.8309026591149,11.0,1.77088309496334,3.136026936026938,61.76470588235294,100.0,0.0,2.7089715536105032,2560.6199999999994,50.08003000381001,Stable / Acceptable,55.0,42.0,68.0,0,0,1,0,1,1,22,1,3,15.830902659114903,10.0,Prioritize procurement review
4425,MARTIGNETTI COMPANIES,27861690.02,8.655366188435917,10.5,2.15944526540053,4.663203854260765,72.63157894736842,100.0,0.0,5.16374269005848,8438.570000000002,46.56440500381001,Stable / Acceptable,82.0,69.0,95.0,0,1,0,0,1,1,29,1,3,8.655366188435917,10.0,Prioritize procurement review
12546,JIM BEAM BRANDS COMPANY,24203151.05,7.518823700263723,11.0,2.114086154668317,4.469360269360271,64.17910447761194,100.0,0.0,8.69021190716448,14802.200000000004,43.59565500381001,Watchlist,55.0,43.0,67.0,0,0,1,0,1,1,27,1,3,7.518823700263725,10.0,Prioritize procurement review
17035,PERNOD RICARD USA,24124091.56,7.4942634946146836,11.0,1.7577150763312832,3.0895622895622887,61.76470588235294,100.0,0.0,3.991285403050109,3851.76,50.39253000381001,Stable / Acceptable,55.0,42.0,68.0,0,0,1,0,1,1,25,1,3,7.494263494614685,10.0,Prioritize procurement review
480,BACARDI USA INC,17624378.72,5.475096864396077,11.0,1.9725387425622567,3.89090909090909,64.17910447761194,100.0,0.0,2.14025974025974,10380.83,48.90815500381001,Stable / Acceptable,55.0,43.0,67.0,0,0,1,0,1,1,27,1,3,5.475096864396078,10.0,Prioritize procurement review
9165,ULTRA BEVERAGE COMPANY LLP,13210613.93,4.10393989223639,12.0,1.822604049673302,3.321885521885521,61.76470588235294,100.0,0.0,0.8172043010752689,28278.900000000005,45.86128000381001,Stable / Acceptable,55.0,42.0,68.0,0,0,1,0,0,1,31,1,3,4.103939892236391,10.0,Prioritize procurement review
3252,E & J GALLO WINERY,12289608.09,3.8178250585286815,11.0,1.9187187082742176,3.681481481481482,61.76470588235294,100.0,0.0,6.64,901.95,45.39253000381001,Stable / Acceptable,55.0,42.0,68.0,0,0,1,0,0,1,26,1,3,3.817825058528683,10.0,Prioritize procurement review
9552,M S WALKER INC,10935817.3,3.3972635268494944,11.0,1.7277688459933478,2.985185185185185,64.17910447761194,100.0,0.0,9.787139689578714,17314.960000000003,56.95503000381,High Performing,55.0,43.0,67.0,0,0,1,0,0,1,26,1,3,3.397263526849495,10.0,Prioritize procurement review
8004,SAZERAC CO INC,9916770.26,3.080691729226656,11.0,2.0337224333784927,4.136026936026937,61.76470588235294,100.0,0.0,6.840694006309148,3009.99,41.01753000381,Watchlist,55.0,42.0,68.0,0,0,1,0,0,1,21,1,3,3.080691729226656,10.0,Prioritize procurement review
10754,PERFECTA WINES,5665501.53,1.760014929033151,10.0,2.029579246837117,4.119191919191919,61.76470588235294,100.0,0.0,1.243816254416961,11155.77,46.87690500381,Stable / Acceptable,55.0,42.0,68.0,0,0,1,0,0,1,22,1,3,1.7600149290331517,10.0,Prioritize procurement review
2000,SOUTHERN WINE & SPIRITS NE,3699813.46,1.1493646043085255,11.0,1.895058255369948,3.591245791245792,61.76470588235294,100.0,0.0,0.97349709114415,50870.32,46.64253000381001,Stable / Acceptable,55.0,42.0,68.0,0,0,1,0,0,1,26,1,3,1.149364604308526,10.0,Prioritize procurement review
660,SAZERAC NORTH AMERICA INC.,3537977.55,1.0990895110717818,11.0,1.974074389928023,3.896969696969697,61.76470588235294,100.0,0.0,11.02593659942363,787.98,43.36128000381,Watchlist,55.0,42.0,68.0,0,0,1,0,0,1,18,1,3,1.099089511071782,10.0,Prioritize procurement review
7239,REMY COINTREAU USA INC,3354958.28,1.0422337065511975,10.0,2.0063871076113964,4.025589225589226,61.76470588235294,100.0,0.0,1.475177304964539,6219.67,47.34565500381001,Stable / Acceptable,55.0,42.0,68.0,0,0,1,0,0,1,23,1,3,1.042233706551198,10.0,Prioritize procurement review
7153,PINE STATE TRADING CO,3129071.59,0.9720609346324716,10.0,1.8090680674665816,3.272727272727272,61.76470588235294,100.0,0.0,0.6609392898052692,8955.6,54.68940500381001,High Performing,55.0,42.0,68.0,0,0,1,0,0,1,19,1,3,0.972060934632472,10.0,Prioritize procurement review
6785,PALM BAY INTERNATIONAL INC,2693984.33,0.8368990131366836,11.0,2.0482397797343443,4.195286195286195,64.17910447761194,100.0,0.0,3.034482758620689,947.21,45.62690500381,Stable / Acceptable,55.0,43.0,67.0,0,0,1,0,0,1,24,1,3,0.8368990131366837,10.0,Prioritize procurement review
6213,MHW LTD,1888333.01,0.586619608341383,11.0,1.9302657656203523,3.725925925925925,61.76470588235294,100.0,0.0,2.5,903.72,44.92378000381,Stable / Acceptable,55.0,42.0,68.0,0,0,1,0,0,1,20,1,3,0.5866196083413832,10.0,Prioritize procurement review
4692,KOBRAND CORPORATION,1808146.33,0.5617092357711362,10.0,2.069987556689287,4.284848484848483,61.76470588235294,100.0,0.0,1.6546762589928057,1406.9199999999998,45.31440500381,Stable / Acceptable,55.0,42.0,68.0,0,0,1,0,0,1,18,1,3,0.5617092357711363,10.0,Prioritize procurement review
3089,SIDNEY FRANK IMPORTING CO,1715908.88,0.5330552343281343,11.0,2.074699280468643,4.304377104377104,64.17910447761194,100.0,0.0,6.959844559585492,1752.72,44.68940500381001,Stable / Acceptable,55.0,43.0,67.0,0,0,1,0,0,1,22,1,3,0.5330552343281344,10.0,Prioritize procurement review
653,STATE WINE & SPIRITS,1529682.04,0.4752029829694328,11.0,2.159155590028857,4.661952861952862,61.76470588235294,100.0,0.0,2.820143884892086,713.31,37.26753000381001,Underperforming,55.0,42.0,68.0,0,1,1,0,0,0,21,1,3,0.4752029829694329,10.0,Prioritize procurement review
9744,FREDERICK WILDMAN & SONS,759449.24,0.23592650944759,11.0,1.7542636852654383,3.0774410774410774,61.76470588235294,100.0,0.0,0.4504950495049505,2616.38,50.54878000381,Stable / Acceptable,55.0,42.0,68.0,0,0,1,0,0,1,22,1,3,0.23592650944759,10.0,Prioritize procurement review
8320,SHAW ROSS INT L IMP LTD,624979.64,0.1941528902458463,11.0,1.960382014582271,3.843097643097644,64.17910447761194,100.0,0.0,4.681818181818182,716.53,49.84565500381001,Stable / Acceptable,55.0,43.0,67.0,0,0,1,0,0,1,16,1,3,0.1941528902458463,10.0,Prioritize procurement review
5992,MCCORMICK DISTILLING CO,310552.87,0.0964747224159855,10.0,1.9806894450790764,3.9231306778476593,61.19402985074627,100.0,0.0,5.4010989010989015,810.6999999999999,43.28315500381,Watchlist,54.0,41.0,67.0,0,0,1,0,0,1,15,1,3,0.0964747224159855,10.0,Prioritize procurement review
90047,CRUSH WINES,287189.9,0.0892169049449604,10.0,1.9893656671350688,3.9575757575757575,64.17910447761194,100.0,0.0,2.941798941798942,1161.73,53.51753000381001,Stable / Acceptable,55.0,43.0,67.0,0,0,1,0,0,1,16,1,3,0.0892169049449604,10.0,Prioritize procurement review
6355,NICHE W & S,111031.77,0.0344925461165615,9.0,2.1351633564958346,4.558922558922558,61.76470588235294,100.0,0.0,,,49.14253000381,Stable / Acceptable,55.0,42.0,68.0,0,1,1,0,0,0,11,1,3,0.0344925461165615,10.0,Prioritize procurement review
7154,PREMIER DISTRIBUTORS,84530.87000000001,0.0262599158038106,10.0,2.168641254722444,4.703004891684136,61.19402985074627,100.0,0.0,,,37.65815500381001,Underperforming,54.0,41.0,67.0,0,1,1,0,0,0,11,1,3,0.0262599158038106,10.0,Prioritize procurement review
28750,SMOKY QUARTZ DISTILLERY LLC,69803.70999999999,0.021684853680006,9.0,2.301614450340062,5.297429078014185,60.0,100.0,0.0,,,40.23628000381,Underperforming,48.0,36.0,60.0,0,1,1,0,0,0,10,1,3,0.021684853680006,10.0,Prioritize procurement review
28776,TALL SHIP DISTILLERY LLC,48445.58,0.0150498492665078,9.0,2.177064042038556,4.739607843137256,59.375,100.0,0.0,,,40.78315500381001,Watchlist,51.0,38.0,64.0,0,1,1,0,0,0,8,1,3,0.0150498492665078,10.0,Prioritize procurement review
90011,FORTUNE WINE BROKERS LLC,46940.17,0.0145821865079178,9.0,1.7349811675257705,3.0101596516690856,63.07692307692307,100.0,0.0,2.39622641509434,1381.89,66.87690500381001,High Performing,53.0,41.0,65.0,0,0,1,0,0,1,3,1,3,0.0145821865079178,10.0,Prioritize procurement review
1650,Circa Wines,42554.34,0.0132197076108022,7.0,2.349807371761648,5.521594684385383,59.25925925925925,100.0,0.0,3.311111111111111,367.64,43.83003000381001,Stable / Acceptable,43.0,32.0,54.0,0,1,1,0,0,0,4,1,3,0.0132197076108022,10.0,Prioritize procurement review
173357,TAMWORTH DISTILLING,41036.44,0.0127481647744561,9.0,2.3305177818058227,5.431313131313131,57.89473684210527,100.0,0.0,,,38.67378000381,Underperforming,45.0,33.0,57.0,0,1,1,0,0,0,7,1,3,0.0127481647744561,10.0,Prioritize procurement review
9260,TY KU LLC,38921.47,0.0120911393099413,9.0,2.1876275473019366,4.785714285714287,58.730158730158735,100.0,0.0,,,39.92378000381001,Underperforming,50.0,37.0,63.0,0,1,1,0,0,0,7,1,3,0.0120911393099413,10.0,Prioritize procurement review
172662,SWEETWATER FARM,34708.03,0.0107822141841925,9.0,2.213928145291151,4.901477832512316,56.75675675675676,100.0,0.0,,,39.14253000381001,Underperforming,29.0,21.0,37.0,0,1,1,0,0,0,3,1,3,0.0107822141841925,10.0,Prioritize procurement review
99166,STARK BREWING COMPANY,25961.04,0.0080649202425026,9.5,2.516611478423583,6.333333333333332,14.285714285714285,100.0,0.0,,,33.28315500381001,Underperforming,12.0,3.0,21.0,0,1,1,0,0,0,2,1,3,0.0080649202425026,10.0,Prioritize procurement review
90017,THE IMPORTED GRAPE LLC,16093.77,0.0049996060038882,9.0,2.2077569078801047,4.874190564292322,62.06896551724138,100.0,0.0,5.3,156.32999999999998,51.48628000381,Stable / Acceptable,47.0,36.0,58.0,0,1,1,0,0,0,7,1,3,0.0049996060038882,10.0,Prioritize procurement review
105,ALTAMAR BRANDS LLC,11706.2,0.0036365865675175,8.0,2.499230650851147,6.246153846153847,56.86274509803921,100.0,0.0,,,41.95503000381001,Watchlist,40.0,29.0,51.0,0,1,1,0,0,0,4,1,3,0.0036365865675175,10.0,Prioritize procurement review
90051,FULCHINO VINEYARD INC,11147.77,0.0034631076386679,9.0,2.1775061370354605,4.741532976827094,54.54545454545454,100.0,0.0,,,39.14253000381001,Underperforming,34.0,24.0,44.0,0,1,1,0,0,0,4,1,3,0.0034631076386679,10.0,Prioritize procurement review
1587,VINEYARD BRANDS LLC,10951.509999999998,0.003402138538555,8.0,2.6457513110645907,7.0,0.0,,0.0,,,,Insufficient data,3.0,0.0,6.0,0,1,1,0,0,0,23,1,3,0.003402138538555,10.0,Prioritize procurement review
90057,WALPOLE MTN VIEW WINERY,9292.31,0.0028867001868418,8.0,2.1515185934740413,4.629032258064516,60.0,100.0,0.0,,,45.86128000381001,Stable / Acceptable,32.0,24.0,40.0,0,1,1,0,0,0,4,1,3,0.0028867001868418,10.0,Prioritize procurement review
6280,UNCORKED,2966.31,0.000921498274512,9.0,2.214669705568283,4.904761904761905,27.27272727272727,100.0,0.0,,,37.42378000381,Underperforming,7.0,3.0,11.0,0,1,1,0,0,0,1,1,3,0.000921498274512,10.0,Prioritize procurement review
287,APPOLO VINEYARDS LLC,2399.7,0.0007454781898542,6.0,2.27866357593825,5.192307692307692,62.5,100.0,0.0,,,56.56440500381,High Performing,13.0,10.0,16.0,0,1,1,0,0,0,1,1,3,0.0007454781898542,10.0,Prioritize procurement review
