YearMonth,AvgLeadTimeDays,MedianLeadTimeDays,POCount
2023-12,10.50887573964497,10.0,169
2024-01,9.916666666666666,10.0,432
2024-02,9.960648148148149,10.0,432
2024-03,9.628062360801781,10.0,449
2024-04,9.743467933491686,10.0,421
2024-05,10.24070021881838,10.0,457
2024-06,9.22543352601156,9.0,519
2024-07,10.266816143497758,10.0,446
2024-08,10.260964912280702,10.0,456
2024-09,9.46875,9.0,512
2024-10,10.213963963963964,10.0,444
2024-11,10.258928571428571,10.0,448
2024-12,9.955307262569832,10.0,358
