Brand,BrandName,PurchaseSpend
1233,Jack Daniels No 7 Black,3811251.6
3405,Tito's Handmade Vodka,3804041.2199999997
8068,Absolut 80 Proof,3418303.68
4261,Capt Morgan Spiced Rum,3261197.94
3545,Ketel One Vodka,3023206.0100000002
3858,Grey Goose Vodka,2466635.93
2589,Jameson Irish Whiskey,2177285.08
3102,Smirnoff Traveler,2088334.8399999999
3489,Tanqueray,1903739.55
1376,Jim Beam,1773427.1400000001
2585,Jameson Irish Whiskey,1530426.0999999999
2757,Johnnie Walker Red Label,1498161.96
2663,Dewars White Label,1478001.42
6570,Kendall Jackson Chard Vt RSV,1460072.3599999999
3650,Patron Silver Tequila,1452173.31
2753,Johnnie Walker Black Label,1414552.92
5364,Kahlua,1399080.15
8082,Baileys Irish Cream,1396130.77
8680,Crown Royal,1373128.48
4260,Capt Morgan Original Barrel,1317439.48
3348,Bombay Sapphire Gin,1283470.62
3857,Grey Goose Vodka,1277758.76
8112,Stolichnaya,1208990.72
126,Grey Goose Vodka,1205942.92
3512,Pinnacle Vodka,1193404.8
