Store,BeginningUnits,EndingUnits,EndingRetailValue,LowInventoryFlag
50,94720.0,260717.0,4887260.68,148.0
74,55464.0,166015.0,2803645.13,132.0
73,162551.0,164589.0,3254662.81,159.0
67,158996.0,163765.0,3076114.82,136.0
69,144255.0,150848.0,2968678.82,169.0
34,153852.0,145829.0,3074616.75,285.0
66,149314.0,144579.0,2860504.99,180.0
76,140208.0,143866.0,2975945.18,143.0
38,114368.0,129397.0,2463906.85,171.0
55,119641.0,125584.0,2234836.35,122.0
41,52440.0,112885.0,1991001.75,169.0
15,65093.0,95827.0,1614792.15,117.0
81,0.0,93734.0,1573266.38,60.0
79,95330.0,93368.0,1573008.56,83.0
49,85277.0,89506.0,1454589.36,112.0
44,41930.0,87225.0,1405905.73,39.0
10,84728.0,85230.0,1395389.05,141.0
33,80629.0,84029.0,1281093.69,107.0
23,75474.0,83275.0,1382633.4,145.0
1,49917.0,79827.0,1206845.93,104.0
60,76056.0,79638.0,1406880.33,142.0
21,64057.0,72588.0,1172514.53,61.0
32,60010.0,71151.0,1146708.21,88.0
61,71317.0,70911.0,1089540.36,57.0
68,71147.0,61601.0,948346.29,133.0
4,56819.0,60570.0,849061.44,56.0
71,62025.0,56913.0,881448.72,98.0
59,56982.0,56762.0,855147.62,76.0
2,52925.0,56671.0,850884.06,85.0
64,54989.0,56608.0,869717.79,94.0
