VendorNumber,VendorName,ObservedLeadTimeOrderCount,AverageLeadTimeDays,MedianLeadTimeDays,MinLeadTimeDays,MaxLeadTimeDays,LeadTimeStdDevDays,LeadTimeVarianceDays,OutlierLeadTimeOrderCount,LeadTimePurchaseSpend,LeadTimeConsistencyScore
201359,FLAVOR ESSENCE INC,1,13.0,13.0,13.0,13.0,,,0,17.0,1.0
1392,CONSTELLATION BRANDS INC,55,11.290909090909093,12.0,8.0,14.0,1.6961036751235687,2.8767676767676766,0,15573917.9,0.3709056180690706
9165,ULTRA BEVERAGE COMPANY LLP,55,11.78181818181818,12.0,8.0,14.0,1.822604049673302,3.321885521885521,0,13210613.93,0.3542827766139368
480,BACARDI USA INC,55,11.327272727272728,11.0,7.0,14.0,1.9725387425622567,3.89090909090909,0,17624378.72,0.3364127725844286
1128,BROWN-FORMAN CORP,55,10.854545454545455,11.0,8.0,14.0,1.9946055195078487,3.978451178451177,0,13529433.08,0.3339337997895448
1590,DIAGEO CHATEAU ESTATE WINES,55,10.290909090909093,11.0,6.0,14.0,1.968950907658105,3.8767676767676766,0,1365472.83,0.3368193112996925
653,STATE WINE & SPIRITS,55,10.50909090909091,11.0,6.0,14.0,2.159155590028857,4.661952861952862,0,1529682.04,0.3165402815727938
660,SAZERAC NORTH AMERICA INC.,55,10.654545454545454,11.0,7.0,14.0,1.974074389928023,3.896969696969697,0,3537977.55,0.3362390676529787
2000,SOUTHERN WINE & SPIRITS NE,55,10.763636363636364,11.0,7.0,14.0,1.895058255369948,3.591245791245792,0,3699813.46,0.3454161926258765
2242,DELICATO VINEYARDS INC,55,10.6,11.0,7.0,14.0,1.8718182881101744,3.503703703703704,0,1561444.63,0.3482114464345371
6359,OLE SMOKY DISTILLERY LLC,54,10.425925925925926,11.0,6.0,13.0,1.828514727208138,3.3434661076170507,0,387622.69,0.3535424406246743
6213,MHW LTD,55,10.6,11.0,6.0,14.0,1.9302657656203523,3.725925925925925,0,1888333.01,0.3412659738009446
3960,DIAGEO NORTH AMERICA INC,55,11.10909090909091,11.0,8.0,14.0,1.77088309496334,3.136026936026938,0,50959796.85,0.3608957742813868
3664,WILLIAM GRANT & SONS INC,55,11.072727272727272,11.0,6.0,14.0,2.017098626415394,4.06868686868687,0,5960744.35,0.331444252847676
1485,CASTLE BRANDS CORP.,55,10.581818181818182,11.0,7.0,14.0,1.9021518914592013,3.618181818181818,0,1679383.91,0.3445719029878895
516,BANFI PRODUCTS CORP,55,10.545454545454543,11.0,8.0,14.0,1.7724034928351222,3.141414141414141,0,1628866.68,0.3606978575031939
5083,LOYAL DOG WINERY,3,10.333333333333334,11.0,8.0,12.0,2.081665999466133,4.333333333333334,0,2320.8,0.3244997998398398
4950,LATITUDE BEVERAGE COMPANY,55,10.254545454545454,11.0,7.0,13.0,1.6690891485653443,2.785858585858586,0,316446.76,0.3746596476695083
6785,PALM BAY INTERNATIONAL INC,55,10.909090909090908,11.0,7.0,14.0,2.0482397797343443,4.195286195286195,0,2693984.33,0.3280581818557431
9552,M S WALKER INC,55,11.4,11.0,8.0,14.0,1.7277688459933478,2.985185185185185,0,10935817.3,0.3665999783921715
11567,CAMPARI AMERICA,55,10.6,11.0,7.0,14.0,1.7277688459933478,2.985185185185185,0,4141720.71,0.3665999783921715
9819,TREASURY WINE ESTATES,55,10.61818181818182,11.0,6.0,14.0,1.82057082105534,3.314478114478114,0,2978686.4,0.3545381638833808
9815,WINE GROUP INC,55,10.872727272727271,11.0,7.0,14.0,1.85646563298776,3.4464646464646456,0,5258636.79,0.3500829796275322
9744,FREDERICK WILDMAN & SONS,55,10.818181818181818,11.0,7.0,14.0,1.7542636852654383,3.0774410774410774,0,759449.24,0.3630734433125368
8112,MOET HENNESSY USA INC,55,10.6,11.0,7.0,14.0,1.8915014612148144,3.577777777777777,0,9472995.2,0.3458410840919538
