Brand,BeginningUnits,EndingUnits,EndingRetailValue,LowInventoryFlag
1233,12016.0,15047.0,526494.53,1.0
3545,14499.0,16770.0,502932.3,1.0
2753,4625.0,7849.0,470861.51,1.0
8068,15341.0,15608.0,366631.92,1.0
3405,8477.0,12268.0,355649.32,2.0
4261,15499.0,16769.0,351981.31,1.0
2757,6094.0,11603.0,336370.97000000003,1.0
2589,6766.0,7922.0,300956.78,1.0
1376,11375.0,13180.0,276648.2,1.0
2585,8529.0,10487.0,272557.13,1.0
3489,8254.0,9608.0,268927.92,1.0
3650,4173.0,5485.0,268710.15,1.0
5364,8070.0,8944.0,268230.56,1.0
3858,13649.0,10598.0,254246.02,1.0
8680,7066.0,6646.0,245835.54,1.0
8082,9287.0,8352.0,242124.48,1.0
3102,1087.0,14208.0,241393.92,0.0
3857,4236.0,4679.0,233903.21,1.0
6654,3639.0,5513.0,220464.87,5.0
4243,11640.0,10988.0,219650.12,1.0
8159,7469.0,7947.0,214489.53,1.0
8112,8050.0,8663.0,207825.37,1.0
2663,7892.0,6771.0,203062.29,1.0
8622,1021.0,1438.0,201305.62,4.0
8512,10136.0,9966.0,199220.34,1.0
3802,7862.0,10206.0,193811.94,1.0
3512,9514.0,12056.0,192775.44,1.0
3423,5413.0,6814.0,183909.86000000002,1.0
2432,7475.0,7862.0,180747.38,1.0
1346,2298.0,5694.0,176457.06,1.0
