VendorNumber,VendorName,BrandCount,PurchaseOrderCount,PurchaseQuantity,PurchaseSpend
6830,PARK STREET IMPORTS LLC,8,32,4349.0,69459.42
7749,R.P.IMPORTS INC,40,16,498.0,18776.87
1128,BROWN-FORMAN CORP,127,55,1006122.0,13529433.08
9206,PHILLIPS PRODUCTS CO.,23,55,40054.0,430945.89
5270,MANGO BOTTLING INC,4,38,28414.0,204510.38
2396,BLACK PRINCE DISTILLERY INC,4,35,807.0,5971.94
6355,NICHE W & S,8,55,9277.0,111031.77
90027,POVERTY LANE ORCHARDS,8,47,5872.0,45269.01
7245,PROXIMO SPIRITS INC.,106,55,682042.0,7588029.9
3664,WILLIAM GRANT & SONS INC,81,55,302685.0,5960744.35
90033,FANTASY FINE WINES CORP,1,2,24.0,128.64
90010,VINEXTRA INC,32,55,8530.0,102639.51
3252,E & J GALLO WINERY,503,55,1858260.0,12289608.09
9744,FREDERICK WILDMAN & SONS,124,55,70932.0,759449.24
90053,INCREDIBREW INC,4,52,2786.0,24525.84
8920,TAKARA SAKE USA INC,3,55,9066.0,45289.34
17032,JEWELL TOWNE VINEYARDS,7,54,6630.0,54332.37
4692,KOBRAND CORPORATION,187,55,161002.0,1808146.33
4901,LAUREATE IMPORTS CO,1,1,29.0,140.94
8004,SAZERAC CO INC,139,55,1417727.0,9916770.26
4466,AMERICAN VINTAGE BEVERAGE,3,55,15778.0,156357.28
90056,SWEET BABY VINEYARD,4,54,16805.0,140577.9
4380,CHARLES JACQUIN ET CIE INC,14,55,43947.0,329637.62
6215,MOONLIGHT MEADERY,7,54,7967.0,71357.59
17035,PERNOD RICARD USA,245,55,1647558.0,24124091.56
1655,FABRIZIA SPIRITS LLC,8,54,28071.0,358390.62
2242,DELICATO VINEYARDS INC,90,55,192642.0,1561444.63
90059,BLACK COVE BEVERAGES,1,8,919.0,14465.06
8150,SEA HAGG DISTILLERY LLC,7,54,15412.0,188044.46
653,STATE WINE & SPIRITS,217,55,154092.0,1529682.04
3089,SIDNEY FRANK IMPORTING CO,13,55,186464.0,1715908.88
516,BANFI PRODUCTS CORP,131,55,228103.0,1628866.68
7154,PREMIER DISTRIBUTORS,7,54,5916.0,84530.87
3951,HIGHLAND WINE MERCHANTS LLC,11,7,372.0,5500.32
7240,"PREMIUM PORT WINES, INC.",2,53,8167.0,59760.74
6785,PALM BAY INTERNATIONAL INC,144,55,375697.0,2693984.33
9819,TREASURY WINE ESTATES,102,55,497770.0,2978686.4
287,APPOLO VINEYARDS LLC,2,13,230.0,2399.7
4950,LATITUDE BEVERAGE COMPANY,42,55,53090.0,316446.76
1601,VRANKEN AMERICA,17,54,13094.0,208330.15
5992,MCCORMICK DISTILLING CO,26,54,29788.0,310552.87
1392,CONSTELLATION BRANDS INC,457,55,2325892.0,15573917.9
1587,VINEYARD BRANDS LLC,74,58,172290.0,1207114.32
9622,WEIN BAUER INC,6,53,3014.0,43517.0
1650,Circa Wines,66,43,3320.0,42554.34
90011,FORTUNE WINE BROKERS LLC,57,53,5072.0,46940.17
8663,STAR INDUSTRIES INC.,2,13,151.0,2452.29
1590,DIAGEO CHATEAU ESTATE WINES,98,55,187841.0,1365472.83
173357,TAMWORTH DISTILLING,4,45,1990.0,41036.44
1189,BULLY BOY DISTILLERS,6,53,5382.0,117928.22
8892,TRINCHERO FAMILY ESTATES,143,55,352526.0,2252211.31
17033,SEA BREEZE CELLARS LLC,15,53,8473.0,108948.09
1003,BRONCO WINE COMPANY,6,26,433.0,2071.9
3960,DIAGEO NORTH AMERICA INC,396,55,5459788.0,50959796.85
90057,WALPOLE MTN VIEW WINERY,3,32,805.0,9292.31
90037,THE PIERPONT GROUP LLC,8,25,580.0,5713.19
90051,FULCHINO VINEYARD INC,2,34,949.0,11147.77
9751,VINEDREA WINES LLC,1,20,205.0,4657.6
660,SAZERAC NORTH AMERICA INC.,78,55,503931.0,3537977.55
4550,KLIN SPIRITS LLC,4,54,6840.0,103484.29
10000,MAJESTIC FINE WINES,38,55,446119.0,3506668.63
172662,SWEETWATER FARM,5,29,1629.0,34708.03
2555,DISARONNO INTERNATIONAL LLC,11,55,103095.0,1141947.85
3551,GILMANTON WINERY & VINEYARD,2,8,516.0,5393.04
8320,SHAW ROSS INT L IMP LTD,35,55,69127.0,624979.64
6213,MHW LTD,88,55,215201.0,1888333.01
6359,OLE SMOKY DISTILLERY LLC,17,54,110162.0,387622.69
9625,WESTERN SPIRITS BEVERAGE CO,17,55,56860.0,361249.21
90017,THE IMPORTED GRAPE LLC,27,47,2280.0,16093.77
8735,SURVILLE ENTERPRISES CORP,21,54,6504.0,51325.77
7255,PSP WINES,30,54,16493.0,128895.69
98450,Serralles Usa LLC,13,54,10463.0,168993.61
388,ATLANTIC IMPORTING COMPANY,3,53,1847.0,41116.32
5612,MILTONS DISTRIBUTING CO,18,10,267.0,1824.18
480,BACARDI USA INC,165,55,1427075.0,17624378.72
2000,SOUTHERN WINE & SPIRITS NE,335,67,406875.0,3740617.38
90026,SILVER MOUNTAIN CIDERS,1,2,17.0,77.18
4848,LAIRD & CO,16,55,21422.0,203011.58
105,ALTAMAR BRANDS LLC,2,40,332.0,11706.2
1273,CALEDONIA SPIRITS INC,5,54,8202.0,259604.7
90052,HAUNTING WHISPER VYDS,2,30,669.0,5388.58
5455,MARSALLE COMPANY,8,55,7158.0,185311.19
2561,EDRINGTON AMERICAS,30,54,62542.0,1882832.84
90046,CANDIA VINEYARDS,5,50,2609.0,36588.01
2876,CENTEUR IMPORTS LLC,10,38,771.0,6237.08
99166,STARK BREWING COMPANY,1,12,1212.0,25961.04
1439,CAPSTONE INTERNATIONAL,1,1,4.0,54.64
2,"IRA GOLDMAN AND WILLIAMS, LLP",2,4,328.0,5630.88
9099,TRUETT HURST,1,1,24.0,236.64
8352,LUXCO INC,66,55,283260.0,2051436.01
28750,SMOKY QUARTZ DISTILLERY LLC,4,48,3197.0,69803.71
90032,LABELLE VYDS AND WINERY,10,54,12855.0,146839.55
9165,ULTRA BEVERAGE COMPANY LLP,837,55,1077527.0,13210613.93
90058,ZORVINO VINEYARDS,6,55,10550.0,86122.71
1485,CASTLE BRANDS CORP.,26,55,105220.0,1679383.91
54,AAPER ALCOHOL & CHEMICAL CO,1,1,1.0,105.07
17031,FLAG HILL WINERY & VINEYARD,19,55,20608.0,300403.2
12331,STELLAR IMPORTING CO LLC,18,51,3104.0,24560.08
5083,LOYAL DOG WINERY,1,3,240.0,2320.8
3924,HEAVEN HILL DISTILLERIES,62,55,352348.0,2816661.94
8664,"STOLI GROUP,(USA) LLC",45,55,314035.0,3666478.72
200,AMERICAN SPIRITS EXCHANGE,2,6,132.0,1205.16
90047,CRUSH WINES,139,55,26349.0,287189.9
8112,MOET HENNESSY USA INC,116,55,427867.0,9472995.2
90024,VINILANDIA USA,174,55,59428.0,548855.37
10050,Russian Standard Vodka,9,51,12798.0,138907.27
60,ADAMBA IMPORTS INTL INC,3,35,4732.0,76770.25
10754,PERFECTA WINES,783,55,553116.0,5665501.53
1265,BLACK ROCK SPIRITS LLC,1,18,82.0,1152.1
201359,FLAVOR ESSENCE INC,1,1,1.0,17.0
28776,TALL SHIP DISTILLERY LLC,4,51,2236.0,48445.58
4425,MARTIGNETTI COMPANIES,1388,82,2640411.0,27861690.02
12546,JIM BEAM BRANDS COMPANY,367,55,2737165.0,24203151.05
2496,DUGGANS DISTILLED PRODUCTS,5,55,18814.0,184296.5
6280,UNCORKED,6,7,243.0,2966.31
8673,STE MICHELLE WINE ESTATES,139,55,419822.0,3086650.7
1703,ALISA CARR BEVERAGES,13,19,438.0,34951.68
17037,Dunn Wine Brokers,27,50,5448.0,72055.3
7153,PINE STATE TRADING CO,422,55,424427.0,3129071.59
9815,WINE GROUP INC,201,55,888385.0,5258636.79
3950,"HOOD RIVER DISTILLERS, Inc.",6,36,1137.0,24035.96
9260,TY KU LLC,6,50,3003.0,38921.47
9552,M S WALKER INC,834,55,1372841.0,10935817.3
11567,CAMPARI AMERICA,64,55,501284.0,4141720.71
2450,DJINN SPIRITS LLC,6,51,2637.0,48830.78
7239,REMY COINTREAU USA INC,44,55,142363.0,3354958.28
