Store,City
23,ARBINGTON
46,TYWARDREATH
69,MOUNTMEND
29,AYLESBURY
75,BARNCOMBE
9,BLACKPOOL
15,WANBORNE
3,HORNSEY
52,GRAYCOTT
72,HARDERSFIELD
66,EANVERNESS
78,EASTHAVEN
32,MOUNTMEND
26,KNIFE'S EDGE
12,LEESIDE
35,HALIVAARA
63,SWORDBREAK
6,GOULCREST
43,WOLFORD
55,DRY GULCH
49,GARIGILL
67,EANVERNESS
21,BALERNO
27,MOUNTMEND
58,HARTLEPOOL
81,PEMBROKE
64,CESTERFIELD
38,GOULCREST
7,STANMORE
44,PORTHCRAWL
1,HARDERSFIELD
50,MOUNTMEND
24,PALPERROTH
47,PELLA'S WISH
70,KELD
18,FURNESS
30,CULCHETH
10,HORNSEY
61,AETHELNEY
41,LARNWICK
4,EANVERNESS
65,LUTON
79,BALLYMENA
19,WINTERVALE
73,DONCASTER
25,CAERSHIRE
36,LEWES
13,TARMSWORTH
62,KILMARNOCK
42,BLACK HOLLOW
5,SUTTON
56,BEGGAR'S HOLE
22,SHARNWICK
76,DONCASTER
59,CLAETHORPES
33,HORNSEY
39,EASTHALLOW
16,LUNDY
53,HILLFAR
45,VERITAS
2,ASHBORNE
48,NORFOLK
71,CLARCTON
77,TAMWORTH
17,OLDHAM
31,HORNSEY
60,IRRAGIN
34,PITMERDEN
40,BULLMAR
11,CARDEND
54,GUTHRAM
20,BREDWARDINE
68,SOLARIS
28,LARNWICK
74,PAENTMARWY
57,LANTEGLOS
14,BROMWICH
37,PAETHSMOUTH
8,ALNERWICK
51,ABERDEEN
