VendorNumber,VendorName,PurchaseOrderKeyCount,PurchaseSidePOCount,MatchedPOCount,PurchaseOnlyPOCount,InvoiceOnlyPOCount,PurchaseSpend,InvoiceSpend,FreightSpend,QuantityAlignedPOCount,QuantityDiscrepancyPOCount,DollarAlignedPOCount,DollarDiscrepancyPOCount,InvoiceMatchRatePct,QuantityAlignmentRatePct,DollarAlignmentRatePct,OTIFSupported,DeliveryMetricLabel
2,"IRA GOLDMAN AND WILLIAMS, LLP",4,4,4,0,0,5630.88,5630.88,27.08,4,0,4,0,100.0,100.0,100.0,False,Invoice reconciliation performance (not OTIF)
54,AAPER ALCOHOL & CHEMICAL CO,2,1,0,1,1,105.07,105.07,0.48,0,0,0,0,0.0,,,False,Invoice reconciliation performance (not OTIF)
60,ADAMBA IMPORTS INTL INC,48,35,22,13,13,76770.25,76770.25,367.52,22,0,22,0,45.83333333333333,100.0,100.0,False,Invoice reconciliation performance (not OTIF)
105,ALTAMAR BRANDS LLC,51,40,29,11,11,11706.199999999999,11706.199999999999,62.39,29,0,29,0,56.86274509803921,100.0,100.0,False,Invoice reconciliation performance (not OTIF)
200,AMERICAN SPIRITS EXCHANGE,8,6,4,2,2,1205.16,1205.16,6.1899999999999995,4,0,4,0,50.0,100.0,100.0,False,Invoice reconciliation performance (not OTIF)
287,APPOLO VINEYARDS LLC,16,13,10,3,3,2399.7,2399.7,12.280000000000001,10,0,10,0,62.5,100.0,100.0,False,Invoice reconciliation performance (not OTIF)
388,ATLANTIC IMPORTING COMPANY,65,53,41,12,12,41116.32,41116.32,211.74,41,0,41,0,63.07692307692307,100.0,100.0,False,Invoice reconciliation performance (not OTIF)
480,BACARDI USA INC,67,55,43,12,12,17624378.72,17624378.72,89286.27,43,0,43,0,64.17910447761194,100.0,100.0,False,Invoice reconciliation performance (not OTIF)
516,BANFI PRODUCTS CORP,68,55,42,13,13,1628866.68,1628866.68,8510.41,42,0,42,0,61.76470588235294,100.0,100.0,False,Invoice reconciliation performance (not OTIF)
653,STATE WINE & SPIRITS,68,55,42,13,13,1529682.04,1529682.04,8014.98,42,0,42,0,61.76470588235294,100.0,100.0,False,Invoice reconciliation performance (not OTIF)
660,SAZERAC NORTH AMERICA INC.,68,55,42,13,13,3537977.55,3537977.55,17932.33,42,0,42,0,61.76470588235294,100.0,100.0,False,Invoice reconciliation performance (not OTIF)
1003,BRONCO WINE COMPANY,35,26,17,9,9,2071.9,2071.9,10.53,17,0,17,0,48.57142857142857,100.0,100.0,False,Invoice reconciliation performance (not OTIF)
1128,BROWN-FORMAN CORP,68,55,42,13,13,13529433.08,13529433.08,68601.68,42,0,42,0,61.76470588235294,100.0,100.0,False,Invoice reconciliation performance (not OTIF)
1189,BULLY BOY DISTILLERS,66,53,40,13,13,117928.22,117928.22,609.39,40,0,40,0,60.60606060606061,100.0,100.0,False,Invoice reconciliation performance (not OTIF)
1265,BLACK ROCK SPIRITS LLC,21,18,15,3,3,1152.1,1152.1,5.79,15,0,15,0,71.42857142857143,100.0,100.0,False,Invoice reconciliation performance (not OTIF)
1273,CALEDONIA SPIRITS INC,67,54,41,13,13,259604.7,259604.7,1319.77,41,0,41,0,61.19402985074627,100.0,100.0,False,Invoice reconciliation performance (not OTIF)
1392,CONSTELLATION BRANDS INC,68,55,42,13,13,15573917.9,15573917.9,79528.99,42,0,42,0,61.76470588235294,100.0,100.0,False,Invoice reconciliation performance (not OTIF)
1439,CAPSTONE INTERNATIONAL,1,1,1,0,0,54.64,54.64,0.27,1,0,1,0,100.0,100.0,100.0,False,Invoice reconciliation performance (not OTIF)
1485,CASTLE BRANDS CORP.,67,55,43,12,12,1679383.91,1679383.91,8497.59,43,0,43,0,64.17910447761194,100.0,100.0,False,Invoice reconciliation performance (not OTIF)
1587,VINEYARD BRANDS INC,68,55,42,13,13,1196162.81,1196162.81,6015.86,42,0,42,0,61.76470588235294,100.0,100.0,False,Invoice reconciliation performance (not OTIF)
1587,VINEYARD BRANDS LLC,6,3,0,3,3,10951.51,10951.51,54.23,0,0,0,0,0.0,,,False,Invoice reconciliation performance (not OTIF)
1590,DIAGEO CHATEAU ESTATE WINES,68,55,42,13,13,1365472.83,1365472.83,7259.75,42,0,42,0,61.76470588235294,100.0,100.0,False,Invoice reconciliation performance (not OTIF)
1601,VRANKEN AMERICA,67,54,41,13,13,208330.15,208330.15,1048.97,41,0,41,0,61.19402985074627,100.0,100.0,False,Invoice reconciliation performance (not OTIF)
1650,Circa Wines,54,43,32,11,11,42554.340000000004,42554.340000000004,211.97,32,0,32,0,59.25925925925925,100.0,100.0,False,Invoice reconciliation performance (not OTIF)
1655,FABRIZIA SPIRITS LLC,67,54,41,13,13,358390.62,358390.62,1824.8899999999999,41,0,41,0,61.19402985074627,100.0,100.0,False,Invoice reconciliation performance (not OTIF)
1703,ALISA CARR BEVERAGES,20,19,18,1,1,34951.68,34951.68,172.0,18,0,18,0,90.0,100.0,100.0,False,Invoice reconciliation performance (not OTIF)
2000,SOUTHERN GLAZERS W&S OF NE,20,12,4,8,8,40803.92,40803.92,207.76,4,0,4,0,20.0,100.0,100.0,False,Invoice reconciliation performance (not OTIF)
2000,SOUTHERN WINE & SPIRITS NE,68,55,42,13,13,3699813.46,3699813.46,18808.83,42,0,42,0,61.76470588235294,100.0,100.0,False,Invoice reconciliation performance (not OTIF)
2242,DELICATO VINEYARDS INC,68,55,42,13,13,1561444.63,1561444.63,7982.65,42,0,42,0,61.76470588235294,100.0,100.0,False,Invoice reconciliation performance (not OTIF)
2396,BLACK PRINCE DISTILLERY INC,43,35,27,8,8,5971.94,5971.94,30.98,27,0,27,0,62.7906976744186,100.0,100.0,False,Invoice reconciliation performance (not OTIF)
2450,DJINN SPIRITS LLC,64,51,38,13,13,48830.78,48830.78,251.28,38,0,38,0,59.375,100.0,100.0,False,Invoice reconciliation performance (not OTIF)
2496,DUGGANS DISTILLED PRODUCTS,68,55,42,13,13,184296.5,184296.5,939.27,42,0,42,0,61.76470588235294,100.0,100.0,False,Invoice reconciliation performance (not OTIF)
2555,DISARONNO INTERNATIONAL LLC,68,55,42,13,13,1141947.85,1141947.85,5861.03,42,0,42,0,61.76470588235294,100.0,100.0,False,Invoice reconciliation performance (not OTIF)
2561,EDRINGTON AMERICAS,67,54,41,13,13,1882832.84,1882832.84,9654.5,41,0,41,0,61.19402985074627,100.0,100.0,False,Invoice reconciliation performance (not OTIF)
2876,CENTEUR IMPORTS LLC,47,38,29,9,9,6237.08,6237.08,31.5,29,0,29,0,61.702127659574465,100.0,100.0,False,Invoice reconciliation performance (not OTIF)
3089,SIDNEY FRANK IMPORTING CO,67,55,43,12,12,1715908.88,1715908.88,8549.55,43,0,43,0,64.17910447761194,100.0,100.0,False,Invoice reconciliation performance (not OTIF)
3252,E & J GALLO WINERY,68,55,42,13,13,12289608.09,12289608.09,61966.91,42,0,42,0,61.76470588235294,100.0,100.0,False,Invoice reconciliation performance (not OTIF)
3551,GILMANTON WINERY & VINEYARD,15,8,1,7,7,5393.04,5393.04,26.63,1,0,1,0,6.666666666666667,100.0,100.0,False,Invoice reconciliation performance (not OTIF)
3664,WILLIAM GRANT & SONS INC,68,55,42,13,13,5960744.35,5960744.35,30234.420000000002,42,0,42,0,61.76470588235294,100.0,100.0,False,Invoice reconciliation performance (not OTIF)
3924,HEAVEN HILL DISTILLERIES,68,55,42,13,13,2816661.94,2816661.94,14069.87,42,0,42,0,61.76470588235294,100.0,100.0,False,Invoice reconciliation performance (not OTIF)
3950,"HOOD RIVER DISTILLERS, Inc.",42,36,30,6,6,24035.96,24035.96,117.52000000000001,30,0,30,0,71.42857142857143,100.0,100.0,False,Invoice reconciliation performance (not OTIF)
3951,HIGHLAND WINE MERCHANTS LLC,9,7,5,2,2,5500.320000000001,5500.320000000001,29.43,5,0,5,0,55.55555555555556,100.0,100.0,False,Invoice reconciliation performance (not OTIF)
3960,DIAGEO NORTH AMERICA INC,68,55,42,13,13,50959796.85,50959796.85,257032.07,42,0,42,0,61.76470588235294,100.0,100.0,False,Invoice reconciliation performance (not OTIF)
4380,CHARLES JACQUIN ET CIE INC,68,55,42,13,13,329637.62,329637.62,1675.3899999999999,42,0,42,0,61.76470588235294,100.0,100.0,False,Invoice reconciliation performance (not OTIF)
4425,MARTIGNETTI COMPANIES,95,82,69,13,13,27861690.02,27861690.02,144929.24,69,0,69,0,72.63157894736842,100.0,100.0,False,Invoice reconciliation performance (not OTIF)
4466,AMERICAN VINTAGE BEVERAGE,68,55,42,13,13,156357.28,156357.28,793.91,42,0,42,0,61.76470588235294,100.0,100.0,False,Invoice reconciliation performance (not OTIF)
4550,KLIN SPIRITS LLC,67,54,41,13,13,103484.29,103484.29,531.5,41,0,41,0,61.19402985074627,100.0,100.0,False,Invoice reconciliation performance (not OTIF)
4692,KOBRAND CORPORATION,68,55,42,13,13,1808146.33,1808146.33,9139.380000000001,42,0,42,0,61.76470588235294,100.0,100.0,False,Invoice reconciliation performance (not OTIF)
4848,LAIRD & CO,68,55,42,13,13,203011.58000000002,203011.58000000002,1043.69,42,0,42,0,61.76470588235294,100.0,100.0,False,Invoice reconciliation performance (not OTIF)
4901,LAUREATE IMPORTS CO,1,1,1,0,0,140.94,140.94,0.72,1,0,1,0,100.0,100.0,100.0,False,Invoice reconciliation performance (not OTIF)
4950,LATITUDE BEVERAGE COMPANY,68,55,42,13,13,316446.76,316446.76,1610.0,42,0,42,0,61.76470588235294,100.0,100.0,False,Invoice reconciliation performance (not OTIF)
5083,LOYAL DOG WINERY,6,3,0,3,3,2320.8,2320.8,10.680000000000001,0,0,0,0,0.0,,,False,Invoice reconciliation performance (not OTIF)
5270,MANGO BOTTLING INC,51,38,25,13,13,204510.38,204510.38,1034.42,25,0,25,0,49.01960784313725,100.0,100.0,False,Invoice reconciliation performance (not OTIF)
5455,MARSALLE COMPANY,68,55,42,13,13,185311.19,185311.19,937.21,42,0,42,0,61.76470588235294,100.0,100.0,False,Invoice reconciliation performance (not OTIF)
5612,MILTONS DISTRIBUTING CO,10,10,10,0,0,1824.1799999999998,1824.1799999999998,9.46,10,0,10,0,100.0,100.0,100.0,False,Invoice reconciliation performance (not OTIF)
5992,MCCORMICK DISTILLING CO,67,54,41,13,13,310552.87,310552.87,1567.85,41,0,41,0,61.19402985074627,100.0,100.0,False,Invoice reconciliation performance (not OTIF)
6213,MHW LTD,68,55,42,13,13,1888333.01,1888333.01,9621.58,42,0,42,0,61.76470588235294,100.0,100.0,False,Invoice reconciliation performance (not OTIF)
6215,MOONLIGHT MEADERY,67,54,41,13,13,71357.59,71357.59,365.61,41,0,41,0,61.19402985074627,100.0,100.0,False,Invoice reconciliation performance (not OTIF)
6280,UNCORKED,11,7,3,4,4,2966.31,2966.31,15.26,3,0,3,0,27.27272727272727,100.0,100.0,False,Invoice reconciliation performance (not OTIF)
6355,NICHE W & S,68,55,42,13,13,111031.77,111031.77,551.21,42,0,42,0,61.76470588235294,100.0,100.0,False,Invoice reconciliation performance (not OTIF)
6359,OLE SMOKY DISTILLERY LLC,67,54,41,13,13,387622.69,387622.69,1922.0,41,0,41,0,61.19402985074627,100.0,100.0,False,Invoice reconciliation performance (not OTIF)
6785,PALM BAY INTERNATIONAL INC,67,55,43,12,12,2693984.33,2693984.33,13605.41,43,0,43,0,64.17910447761194,100.0,100.0,False,Invoice reconciliation performance (not OTIF)
6830,PARK STREET IMPORTS LLC,45,32,19,13,13,69459.42,69459.42,360.28999999999996,19,0,19,0,42.22222222222222,100.0,100.0,False,Invoice reconciliation performance (not OTIF)
7153,PINE STATE TRADING CO,68,55,42,13,13,3129071.59,3129071.59,15884.82,42,0,42,0,61.76470588235294,100.0,100.0,False,Invoice reconciliation performance (not OTIF)
7154,PREMIER DISTRIBUTORS,67,54,41,13,13,84530.87,84530.87,432.37,41,0,41,0,61.19402985074627,100.0,100.0,False,Invoice reconciliation performance (not OTIF)
7239,REMY COINTREAU USA INC,68,55,42,13,13,3354958.28,3354958.28,16978.67,42,0,42,0,61.76470588235294,100.0,100.0,False,Invoice reconciliation performance (not OTIF)
7240,"PREMIUM PORT WINES, INC.",66,53,40,13,13,59760.74,59760.74,301.2,40,0,40,0,60.60606060606061,100.0,100.0,False,Invoice reconciliation performance (not OTIF)
7245,PROXIMO SPIRITS INC.,68,55,42,13,13,7588029.9,7588029.9,38994.78,42,0,42,0,61.76470588235294,100.0,100.0,False,Invoice reconciliation performance (not OTIF)
7255,PSP WINES,67,54,41,13,13,128895.69,128895.69,648.71,41,0,41,0,61.19402985074627,100.0,100.0,False,Invoice reconciliation performance (not OTIF)
7749,R.P.IMPORTS INC,18,16,14,2,2,18776.87,18776.87,91.5,14,0,14,0,77.77777777777779,100.0,100.0,False,Invoice reconciliation performance (not OTIF)
8004,SAZERAC CO INC,68,55,42,13,13,9916770.26,9916770.26,50293.62,42,0,42,0,61.76470588235294,100.0,100.0,False,Invoice reconciliation performance (not OTIF)
8112,MOET HENNESSY USA INC,68,55,42,13,13,9472995.2,9472995.2,48347.26,42,0,42,0,61.76470588235294,100.0,100.0,False,Invoice reconciliation performance (not OTIF)
8150,SEA HAGG DISTILLERY LLC,66,54,42,12,12,188044.46,188044.46,935.52,42,0,42,0,63.63636363636363,100.0,100.0,False,Invoice reconciliation performance (not OTIF)
8320,SHAW ROSS INT L IMP LTD,67,55,43,12,12,624979.64,624979.64,3151.92,43,0,43,0,64.17910447761194,100.0,100.0,False,Invoice reconciliation performance (not OTIF)
8352,LUXCO INC,68,55,42,13,13,2051436.01,2051436.01,10261.6,42,0,42,0,61.76470588235294,100.0,100.0,False,Invoice reconciliation performance (not OTIF)
8663,STAR INDUSTRIES INC.,13,13,13,0,0,2452.29,2452.29,12.44,13,0,13,0,100.0,100.0,100.0,False,Invoice reconciliation performance (not OTIF)
8664,"STOLI GROUP,(USA) LLC",68,55,42,13,13,3666478.72,3666478.72,18544.49,42,0,42,0,61.76470588235294,100.0,100.0,False,Invoice reconciliation performance (not OTIF)
8673,STE MICHELLE WINE ESTATES,68,55,42,13,13,3086650.7,3086650.7,15919.7,42,0,42,0,61.76470588235294,100.0,100.0,False,Invoice reconciliation performance (not OTIF)
8735,SURVILLE ENTERPRISES CORP,67,54,41,13,13,51325.77,51325.77,263.32,41,0,41,0,61.19402985074627,100.0,100.0,False,Invoice reconciliation performance (not OTIF)
8892,TRINCHERO FAMILY ESTATES,67,55,43,12,12,2252211.31,2252211.31,11595.97,43,0,43,0,64.17910447761194,100.0,100.0,False,Invoice reconciliation performance (not OTIF)
8920,TAKARA SAKE USA INC,67,55,43,12,12,45289.34,45289.34,232.99,43,0,43,0,64.17910447761194,100.0,100.0,False,Invoice reconciliation performance (not OTIF)
9099,TRUETT HURST,1,1,1,0,0,236.64,236.64,1.25,1,0,1,0,100.0,100.0,100.0,False,Invoice reconciliation performance (not OTIF)
9165,ULTRA BEVERAGE COMPANY LLP,68,55,42,13,13,13210613.93,13210613.93,68054.7,42,0,42,0,61.76470588235294,100.0,100.0,False,Invoice reconciliation performance (not OTIF)
9206,PHILLIPS PRODUCTS CO.,68,55,42,13,13,430945.89,430945.89,2211.83,42,0,42,0,61.76470588235294,100.0,100.0,False,Invoice reconciliation performance (not OTIF)
9260,TY KU LLC,63,50,37,13,13,38921.47,38921.47,198.94,37,0,37,0,58.730158730158735,100.0,100.0,False,Invoice reconciliation performance (not OTIF)
9552,M S WALKER INC,67,55,43,12,12,10935817.3,10935817.3,55551.82,43,0,43,0,64.17910447761194,100.0,100.0,False,Invoice reconciliation performance (not OTIF)
9622,WEIN BAUER INC,66,53,40,13,13,43517.0,43517.0,222.23,40,0,40,0,60.60606060606061,100.0,100.0,False,Invoice reconciliation performance (not OTIF)
9625,WESTERN SPIRITS BEVERAGE CO,68,55,42,13,13,361249.21,361249.21,1933.19,42,0,42,0,61.76470588235294,100.0,100.0,False,Invoice reconciliation performance (not OTIF)
9744,FREDERICK WILDMAN & SONS,68,55,42,13,13,759449.24,759449.24,3999.93,42,0,42,0,61.76470588235294,100.0,100.0,False,Invoice reconciliation performance (not OTIF)
9751,VINEDREA WINES LLC,20,20,20,0,0,4657.6,4657.6,24.53,20,0,20,0,100.0,100.0,100.0,False,Invoice reconciliation performance (not OTIF)
9815,WINE GROUP INC,68,55,42,13,13,5258636.79,5258636.79,27100.41,42,0,42,0,61.76470588235294,100.0,100.0,False,Invoice reconciliation performance (not OTIF)
9819,TREASURY WINE ESTATES,68,55,42,13,13,2978686.4,2978686.4,14836.57,42,0,42,0,61.76470588235294,100.0,100.0,False,Invoice reconciliation performance (not OTIF)
10000,MAJESTIC FINE WINES,68,55,42,13,13,3506668.63,3506668.63,17587.59,42,0,42,0,61.76470588235294,100.0,100.0,False,Invoice reconciliation performance (not OTIF)
10050,Russian Standard Vodka,64,51,38,13,13,138907.27000000002,138907.27000000002,732.6,38,0,38,0,59.375,100.0,100.0,False,Invoice reconciliation performance (not OTIF)
10754,PERFECTA WINES,68,55,42,13,13,5665501.53,5665501.53,28720.52,42,0,42,0,61.76470588235294,100.0,100.0,False,Invoice reconciliation performance (not OTIF)
11567,CAMPARI AMERICA,68,55,42,13,13,4141720.71,4141720.71,20964.81,42,0,42,0,61.76470588235294,100.0,100.0,False,Invoice reconciliation performance (not OTIF)
12331,STELLAR IMPORTING CO LLC,64,51,38,13,13,24560.08,24560.08,119.23,38,0,38,0,59.375,100.0,100.0,False,Invoice reconciliation performance (not OTIF)
12546,JIM BEAM BRANDS COMPANY,67,55,43,12,12,24203151.05,24203151.05,123880.97,43,0,43,0,64.17910447761194,100.0,100.0,False,Invoice reconciliation performance (not OTIF)
17031,FLAG HILL WINERY & VINEYARD,68,55,42,13,13,300403.2,300403.2,1573.31,42,0,42,0,61.76470588235294,100.0,100.0,False,Invoice reconciliation performance (not OTIF)
17032,JEWELL TOWNE VINEYARDS,67,54,41,13,13,54332.37,54332.37,283.61,41,0,41,0,61.19402985074627,100.0,100.0,False,Invoice reconciliation performance (not OTIF)
17033,SEA BREEZE CELLARS LLC,66,53,40,13,13,108948.09,108948.09,549.55,40,0,40,0,60.60606060606061,100.0,100.0,False,Invoice reconciliation performance (not OTIF)
17035,PERNOD RICARD USA,68,55,42,13,13,24124091.56,24124091.56,123780.22,42,0,42,0,61.76470588235294,100.0,100.0,False,Invoice reconciliation performance (not OTIF)
17037,Dunn Wine Brokers,60,50,40,10,10,72055.3,72055.3,358.03000000000003,40,0,40,0,66.66666666666666,100.0,100.0,False,Invoice reconciliation performance (not OTIF)
28750,SMOKY QUARTZ DISTILLERY LLC,60,48,36,12,12,69803.70999999999,69803.70999999999,342.65,36,0,36,0,60.0,100.0,100.0,False,Invoice reconciliation performance (not OTIF)
28776,TALL SHIP DISTILLERY LLC,64,51,38,13,13,48445.58,48445.58,259.9,38,0,38,0,59.375,100.0,100.0,False,Invoice reconciliation performance (not OTIF)
90010,VINEXTRA INC,68,55,42,13,13,102639.51000000001,102639.51000000001,524.9399999999999,42,0,42,0,61.76470588235294,100.0,100.0,False,Invoice reconciliation performance (not OTIF)
90011,FORTUNE WINE BROKERS LLC,65,53,41,12,12,46940.17,46940.17,238.61,41,0,41,0,63.07692307692307,100.0,100.0,False,Invoice reconciliation performance (not OTIF)
90017,THE IMPORTED GRAPE LLC,58,47,36,11,11,16093.77,16093.77,80.03,36,0,36,0,62.06896551724138,100.0,100.0,False,Invoice reconciliation performance (not OTIF)
90024,VINILANDIA USA,68,55,42,13,13,548855.37,548855.37,2802.64,42,0,42,0,61.76470588235294,100.0,100.0,False,Invoice reconciliation performance (not OTIF)
90026,SILVER MOUNTAIN CIDERS,2,2,2,0,0,77.17999999999999,77.17999999999999,0.36,2,0,2,0,100.0,100.0,100.0,False,Invoice reconciliation performance (not OTIF)
90027,POVERTY LANE ORCHARDS,60,47,34,13,13,45269.01,45269.01,229.88,34,0,34,0,56.666666666666664,100.0,100.0,False,Invoice reconciliation performance (not OTIF)
90032,LABELLE VYDS AND WINERY,67,54,41,13,13,146839.55,146839.55,778.25,41,0,41,0,61.19402985074627,100.0,100.0,False,Invoice reconciliation performance (not OTIF)
90033,FANTASY FINE WINES CORP,3,2,1,1,1,128.64,128.64,0.61,1,0,1,0,33.33333333333333,100.0,100.0,False,Invoice reconciliation performance (not OTIF)
90037,THE PIERPONT GROUP LLC,29,25,21,4,4,5713.1900000000005,5713.1900000000005,27.98,21,0,21,0,72.41379310344827,100.0,100.0,False,Invoice reconciliation performance (not OTIF)
90046,CANDIA VINEYARDS,62,50,38,12,12,36588.01,36588.01,194.13,38,0,38,0,61.29032258064516,100.0,100.0,False,Invoice reconciliation performance (not OTIF)
90047,CRUSH WINES,67,55,43,12,12,287189.9,287189.9,1457.73,43,0,43,0,64.17910447761194,100.0,100.0,False,Invoice reconciliation performance (not OTIF)
90051,FULCHINO VINEYARD INC,44,34,24,10,10,11147.77,11147.77,54.91,24,0,24,0,54.54545454545454,100.0,100.0,False,Invoice reconciliation performance (not OTIF)
90052,HAUNTING WHISPER VYDS,37,30,23,7,7,5388.58,5388.58,27.61,23,0,23,0,62.16216216216216,100.0,100.0,False,Invoice reconciliation performance (not OTIF)
90053,INCREDIBREW INC,65,52,39,13,13,24525.84,24525.84,124.44,39,0,39,0,60.0,100.0,100.0,False,Invoice reconciliation performance (not OTIF)
90056,SWEET BABY VINEYARD,67,54,41,13,13,140577.9,140577.9,703.64,41,0,41,0,61.19402985074627,100.0,100.0,False,Invoice reconciliation performance (not OTIF)
90057,WALPOLE MTN VIEW WINERY,40,32,24,8,8,9292.31,9292.31,46.74,24,0,24,0,60.0,100.0,100.0,False,Invoice reconciliation performance (not OTIF)
90058,ZORVINO VINEYARDS,68,55,42,13,13,86122.71,86122.71,448.68,42,0,42,0,61.76470588235294,100.0,100.0,False,Invoice reconciliation performance (not OTIF)
90059,BLACK COVE BEVERAGES,16,8,0,8,8,14465.060000000001,14465.060000000001,74.84,0,0,0,0,0.0,,,False,Invoice reconciliation performance (not OTIF)
98450,Serralles Usa LLC,67,54,41,13,13,168993.61,168993.61,856.02,41,0,41,0,61.19402985074627,100.0,100.0,False,Invoice reconciliation performance (not OTIF)
99166,STARK BREWING COMPANY,21,12,3,9,9,25961.04,25961.04,130.09,3,0,3,0,14.285714285714285,100.0,100.0,False,Invoice reconciliation performance (not OTIF)
172662,SWEETWATER FARM,37,29,21,8,8,34708.03,34708.03,178.34,21,0,21,0,56.75675675675676,100.0,100.0,False,Invoice reconciliation performance (not OTIF)
173357,TAMWORTH DISTILLING,57,45,33,12,12,41036.44,41036.44,202.5,33,0,33,0,57.89473684210527,100.0,100.0,False,Invoice reconciliation performance (not OTIF)
201359,FLAVOR ESSENCE INC,1,1,1,0,0,17.0,17.0,0.09,1,0,1,0,100.0,100.0,100.0,False,Invoice reconciliation performance (not OTIF)
