VendorNumber,VendorName,AvgStockTurnOver
480,BACARDI USA INC,2.14025974025974
516,BANFI PRODUCTS CORP,3.8666666666666667
653,STATE WINE & SPIRITS,2.820143884892086
660,SAZERAC NORTH AMERICA INC.,11.02593659942363
1128,BROWN-FORMAN CORP,18.262295081967213
1392,CONSTELLATION BRANDS INC,12.08695652173913
1485,CASTLE BRANDS CORP.,4.0
1587,VINEYARD BRANDS INC,4.827586206896552
1590,DIAGEO CHATEAU ESTATE WINES,6.555555555555555
1650,Circa Wines,3.311111111111111
2000,SOUTHERN WINE & SPIRITS NE,0.97349709114415
2242,DELICATO VINEYARDS INC,5.866666666666666
3089,SIDNEY FRANK IMPORTING CO,6.959844559585492
3252,E & J GALLO WINERY,6.64
3664,WILLIAM GRANT & SONS INC,3.4105263157894736
3924,HEAVEN HILL DISTILLERIES,1.8
3950,"HOOD RIVER DISTILLERS, Inc.",5.833333333333333
3960,DIAGEO NORTH AMERICA INC,2.7089715536105032
4425,MARTIGNETTI COMPANIES,5.16374269005848
4692,KOBRAND CORPORATION,1.6546762589928057
5992,MCCORMICK DISTILLING CO,5.4010989010989015
6213,MHW LTD,2.5
6785,PALM BAY INTERNATIONAL INC,3.0344827586206895
7153,PINE STATE TRADING CO,0.6609392898052692
7239,REMY COINTREAU USA INC,1.475177304964539
7245,PROXIMO SPIRITS INC.,2.9491525423728815
7749,R.P.IMPORTS INC,0.7878787878787878
8004,SAZERAC CO INC,6.840694006309148
8112,MOET HENNESSY USA INC,4.3538461538461535
8320,SHAW ROSS INT L IMP LTD,4.681818181818182
8664,"STOLI GROUP,(USA) LLC",7.12
8673,STE MICHELLE WINE ESTATES,3.696969696969697
8920,TAKARA SAKE USA INC,33.0
9165,ULTRA BEVERAGE COMPANY LLP,0.8172043010752689
9552,M S WALKER INC,9.787139689578714
9744,FREDERICK WILDMAN & SONS,0.4504950495049505
9815,WINE GROUP INC,11.047619047619047
9819,TREASURY WINE ESTATES,2.1875
10754,PERFECTA WINES,1.243816254416961
12546,JIM BEAM BRANDS COMPANY,8.69021190716448
17033,SEA BREEZE CELLARS LLC,6.4
17035,PERNOD RICARD USA,3.991285403050109
17037,Dunn Wine Brokers,0.23529411764705882
90010,VINEXTRA INC,3.6153846153846154
90011,FORTUNE WINE BROKERS LLC,2.3962264150943398
90017,THE IMPORTED GRAPE LLC,5.3
90024,VINILANDIA USA,7.1
90027,POVERTY LANE ORCHARDS,1.786096256684492
90047,CRUSH WINES,2.941798941798942
