VendorNumber,VendorName,TotalPurchaseQuantity,CostCoveredPurchaseQuantity,TotalPurchaseDollars,TotalSalesQuantity,TotalSalesDollars,CostCoveredSalesDollars,UncostedSalesDollars,WeightedPurchaseCost,EstimatedGrossProfit,AllocatedFreight,WeightedPurchasePrice,EstimatedProfitMarginPct,SalesToPurchaseRatio,FreightPerPurchaseDollar,PurchaseContributionPct,SalesContributionPct,VendorSpendRank,CumulativePurchaseContributionPct,EligibleInventoryBrandCount,EligibleSalesUnits,EligibleAverageInventoryUnits,EligibleEndingInventoryUnits,EstimatedEndingInventoryCost,EligibleInventoryTurnover
3960,DIAGEO NORTH AMERICA INC,5459788.0,5459788.0,50959796.85,5422703.0,68742416.99,68739834.97,2582.02,50959796.85,18760123.99,257032.069806,9.333658532162788,27.29148825886394,1.3489539056119686,0.00504382053489289,15.830902659114901,15.206381474710787,1.0,15.830902659114901,7.0,619.0,228.5,249.0,2560.6199999999994,2.7089715536105032
4425,MARTIGNETTI COMPANIES,2640411.0,2640411.0,27861690.02,2581318.0,41047306.3,40960117.82000001,87188.48,27861690.02,14027415.11,144929.23929300002,10.552027703262864,34.246520411986445,1.4732525654594157,0.0052017389895934255,8.655366188435917,9.079997844677171,2.0,24.486268847550818,26.0,2649.0,513.0,466.0,8438.570000000002,5.16374269005848
12546,JIM BEAM BRANDS COMPANY,2737165.0,2737165.0,24203151.05,2630226.0,31906320.54,31898621.16,7699.38,24203151.05,8553265.62,123880.969819,8.842415802481765,26.81390388975672,1.3182713471517171,0.005118381881891366,7.518823700263723,7.057937483580476,3.0,32.00509254781454,11.0,4306.0,495.5,497.0,14802.200000000003,8.69021190716448
17035,PERNOD RICARD USA,1647558.0,1647558.0,24124091.56,1613460.0,32281247.95,32279544.169999994,1703.78,24124091.56,8710193.28,123780.219876,14.642332203175851,26.98363159692661,1.3381332047141343,0.005130979525929142,7.4942634946146836,7.140874474617824,4.0,39.49935604242923,8.0,916.0,229.5,277.0,3851.76,3.991285403050109
480,BACARDI USA INC,1427075.0,1427075.0,17624378.72,1457301.0,25014556.89,25005365.79,9191.1,17624378.72,7126243.18,89286.26991699998,12.350001730813025,28.498855964946074,1.4193156699256404,0.005066066233340678,5.475096864396077,5.533423338104759,5.0,44.974452906825306,6.0,824.0,385.0,265.0,10380.83,2.14025974025974
1392,CONSTELLATION BRANDS INC,2325892.0,2325892.0,15573917.9,2301688.0,24469172.93,24467134.230000004,2038.7,15573917.9,9129023.71,79528.98976899999,6.695890393878994,37.31137297970347,1.571163601035806,0.005106549956128893,4.838111482698094,5.412779972493177,6.0,49.8125643895234,1.0,139.0,11.5,7.0,28.35,12.08695652173913
1128,BROWN-FORMAN CORP,1006122.0,1006122.0,13529433.08,983853.0,18478557.47,18476611.599999998,1945.87,13529433.08,5232085.119999999,68601.67993299999,13.447109873355318,28.317341043202966,1.3658042699007162,0.005070550963026752,4.202982573751942,4.087607132464701,7.0,54.01554696327534,2.0,557.0,30.5,24.0,329.52,18.262295081967213
9165,ULTRA BEVERAGE COMPANY LLP,1077527.0,1077527.0,13210613.93,1043235.0,17822938.45,17802646.099999998,20292.35,13210613.93,5372298.289999999,68054.69958,12.260123347257192,30.176965041168796,1.349137787572905,0.005151516798583789,4.10393989223639,3.942578875433146,8.0,58.11948685551173,11.0,418.0,511.5,452.0,28278.900000000005,0.8172043010752689
3252,E & J GALLO WINERY,1858260.0,1858260.0,12289608.09,1809023.0,18556085.61,18553774.66,2310.9500000000003,12289608.09,6579369.03,61966.909748,6.61350300280908,35.46108083431903,1.5099005170961477,0.005042220166355199,3.8178250585286824,4.1047569872921255,9.0,61.937311914040414,6.0,415.0,62.5,73.0,901.95,6.64
9552,M S WALKER INC,1372841.0,1372841.0,10935817.3,1343481.0,15465247.75,15436066.259999998,29181.489999999998,10935817.3,4970211.92,55551.819567,7.965829473333038,32.198695161600064,1.4141830761931253,0.005079805015305074,3.3972635268494944,3.421038525916584,10.0,65.3345754408899,18.0,4414.0,451.0,461.0,17314.960000000003,9.787139689578714
8004,SAZERAC CO INC,1417727.0,1417727.0,9916770.26,1385046.0,13250928.19,13250579.959999999,348.23,9916770.26,3593920.2800000003,50293.61992800001,6.994837694422127,27.12273946385061,1.3362140941641618,0.005071572559350589,3.0806917292266554,2.9312130380933663,11.0,68.41526717011656,6.0,4337.0,634.0,647.0,3009.99,6.840694006309148
8112,MOET HENNESSY USA INC,427867.0,427867.0,9472995.2,424251.0,13546931.06,13545179.22,1751.8400000000001,9472995.2,4270284.2700000005,48347.259941,22.140046322805915,31.52622937387757,1.430057840628907,0.0051036930685872195,2.9428309014434917,2.9966912792713574,12.0,71.35809807156005,2.0,283.0,65.0,58.0,482.02000000000004,4.3538461538461535
7245,PROXIMO SPIRITS INC.,682042.0,682042.0,7588029.9,667654.0,10516246.86,10515302.570000002,944.29,7588029.9,3058706.6099999994,38994.779945999995,11.125458402854957,29.088146438376793,1.385899502056522,0.005138986068834546,2.357257488190976,2.326279296502657,13.0,73.71535555975103,4.0,87.0,29.5,20.0,317.98,2.9491525423728815
3664,WILLIAM GRANT & SONS INC,302685.0,302685.0,5960744.35,283313.0,7635828.2700000005,7635228.3100000005,599.96,5960744.35,2110976.3,30234.419955999998,19.692896410459717,27.647847769466367,1.2810192522348323,0.005072255775572727,1.8517335117814373,1.6891072882393998,14.0,75.56708907153246,2.0,162.0,47.5,41.0,660.71,3.4105263157894736
10754,PERFECTA WINES,553116.0,553116.0,5665501.53,512750.0,7825504.16,7779747.03,45757.13,5665501.53,2686052.23,28720.519602999997,10.242881294339705,34.52621556513515,1.3812553255104318,0.0050693693137172265,1.760014929033151,1.7310651370638723,15.0,77.32710400056561,13.0,880.0,707.5,544.0,11155.77,1.243816254416961
9815,WINE GROUP INC,888385.0,888385.0,5258636.79,869054.0,8341165.72,8340493.379999999,672.34,5258636.79,3192393.66,27100.409897,5.919321904354531,38.27583710641349,1.5861840345889338,0.005153504792066083,1.633620467270965,1.8451336661693467,16.0,78.96072446783657,3.0,348.0,31.5,31.0,109.09,11.047619047619047
11567,CAMPARI AMERICA,501284.0,501284.0,4141720.71,490456.0,5610527.44,5604628.17,5899.27,4141720.71,1505041.05,20964.809967,8.262224028694312,26.85353968807533,1.3546368364369987,0.005061859897115081,1.286645188053772,1.2410942801063207,17.0,80.24736965589034,,,,,,
2000,SOUTHERN WINE & SPIRITS NE,402677.0,402677.0,3699813.46,397696.0,5729494.21,5704567.5200000005,24926.69,3699813.46,2040131.23,18809.150443,9.188042674401567,35.763118288062614,1.5485900226980633,0.005083810480272159,1.1493646043085257,1.2674106967621002,18.0,81.39673426019887,10.0,753.0,773.5,688.0,50870.32,0.97349709114415
8664,"STOLI GROUP,(USA) LLC",314035.0,314035.0,3666478.7199999997,272010.0,4663847.6,4663394.81,452.78999999999996,3666478.7199999997,1141826.8900000001,18544.489975,11.675382425525816,24.484885722124826,1.2720236379825491,0.00505784743106323,1.1390090091781084,1.0316810035328141,19.0,82.53574326937698,1.0,89.0,12.5,4.0,53.52,7.12
660,SAZERAC NORTH AMERICA INC.,503931.0,503931.0,3537977.55,493413.0,4965061.47,4964318.159999999,743.3100000000001,3537977.55,1463911.58,17932.329963,7.020757901379355,29.488673626832977,1.4033614967398536,0.005068525650480739,1.0990895110717818,1.0983119602732536,20.0,83.63483278044876,2.0,1913.0,173.5,150.0,787.98,11.02593659942363
10000,MAJESTIC FINE WINES,446119.0,446119.0,3506668.63,433515.0,5375429.09,5375429.09,0.0,3506668.63,1983624.5,17587.589980999997,7.860388438959111,36.90169597233028,1.5329161826163198,0.005015469619950944,1.0893632465354266,1.1890886138712342,21.0,84.72419602698419,,,,,,
7239,REMY COINTREAU USA INC,142363.0,142363.0,3354958.28,135195.0,4294875.05,4294875.050000001,0.0,3354958.28,1145892.25,16978.669976999998,23.566223527180515,26.68045604726032,1.2801575136129562,0.0050607693330243135,1.0422337065511977,0.9500612759370707,22.0,85.76642973353539,1.0,104.0,70.5,79.0,6219.67,1.475177304964539
7153,PINE STATE TRADING CO,424427.0,424427.0,3129071.59,416859.0,4647517.08,4640927.41,6589.67,3129071.59,1635775.4100000001,15884.819798,7.372461200630497,35.24673552263125,1.4852702938637465,0.005076528082248192,0.9720609346324717,1.0280685597510293,23.0,86.73849066816786,1.0,577.0,873.0,680.0,8955.6,0.6609392898052692
8673,STE MICHELLE WINE ESTATES,419822.0,419822.0,3086650.7,418674.0,4903385.9,4899404.499999999,3981.3999999999996,3086650.7,1861991.8699999999,15919.699932000001,7.35228430144204,38.00445278604778,1.5885781633794844,0.005157596851499913,0.9588826838972941,1.0846688228021542,24.0,87.69737335206516,1.0,61.0,16.5,16.0,117.28,3.696969696969697
9819,TREASURY WINE ESTATES,497770.0,497770.0,2978686.4,495308.0,4740218.38,4740030.52,187.85999999999999,2978686.4,1817502.9699999997,14836.569951999998,5.984061715250015,38.34369762665579,1.5913787970428843,0.00498091036102357,0.925343061889176,1.048574840919564,25.0,88.62271641395434,2.0,35.0,16.0,19.0,285.27,2.1875
3924,HEAVEN HILL DISTILLERIES,352348.0,352348.0,2816661.94,342611.0,3818178.29,3818152.309999999,25.98,2816661.94,1112237.4199999997,14069.869971,7.99397737464098,29.130252794970353,1.3555685315931099,0.004995228490572781,0.8750093947003977,0.8446120773531289,26.0,89.49772580865474,1.0,9.0,5.0,5.0,27.0,1.8
6785,PALM BAY INTERNATIONAL INC,375697.0,375697.0,2693984.33,373092.0,4025063.52,4019949.14,5114.38,2693984.33,1351998.86,13605.409924,7.170630401626843,33.63223794418454,1.4940931449293173,0.005050292896098619,0.8368990131366836,0.8903767720876903,27.0,90.33462482179142,3.0,132.0,43.5,48.0,947.21,3.0344827586206895
8892,TRINCHERO FAMILY ESTATES,352526.0,352526.0,2252211.31,346725.0,3467869.81,3467259.9499999997,609.86,2252211.31,1264771.02,11595.969929,6.388780714046623,36.4775366784945,1.5397621859913313,0.005148704243475272,0.6996601285777625,0.767120993769597,28.0,91.03428495036918,,,,,,
8352,LUXCO INC,283260.0,283260.0,2051436.01,286953.0,2826287.77,2826287.77,0.0,2051436.01,816359.18,10261.599966,7.2422368495375276,28.88450315163767,1.3777118838817692,0.005002154547340719,0.6372883290980597,0.6251978308266589,29.0,91.67157327946724,,,,,,
6213,MHW LTD,215201.0,215201.0,1888333.01,212350.0,2586254.5,2586109.87,144.63,1888333.01,719044.65,9621.579955000001,8.774740870163242,27.804102924675817,1.3695966158003032,0.005095277106340476,0.586619608341383,0.5721005201694962,30.0,92.25819288780862,3.0,240.0,96.0,96.0,903.7199999999999,2.5
2561,EDRINGTON AMERICAS,62542.0,60527.0,1882832.84,60304.0,2632023.96,2523778.3,108245.65999999999,1882832.8399999999,728021.25,9654.499986000003,31.10732136071505,28.846481879965445,1.3979063377713339,0.005127645843483377,0.5849109544365239,0.5822250968010214,31.0,92.84310384224514,,,,,,
4692,KOBRAND CORPORATION,161002.0,161002.0,1808146.33,161920.0,2840547.87,2829620.1999999997,10927.67,1808146.33,1037195.78,9139.37991,11.230583036235576,36.654946837034885,1.5709723393902528,0.005054557675097014,0.5617092357711362,0.6283522808731138,32.0,93.40481307801628,10.0,115.0,69.5,79.0,1406.9199999999998,1.6546762589928057
3089,SIDNEY FRANK IMPORTING CO,186464.0,186464.0,1715908.88,188625.0,2256371.25,2256371.25,0.0,1715908.8800000001,539974.6000000001,8549.549993,9.202360133859619,23.93110619540114,1.3149714861315946,0.0049825198136395224,0.5330552343281343,0.499127663507399,33.0,93.9378683123444,1.0,5373.0,772.0,654.0,1752.72,6.959844559585492
1485,CASTLE BRANDS CORP.,105220.0,105220.0,1679383.91,103675.0,2307511.25,2307511.25,0.0,1679383.91,639463.4299999999,8497.589985999999,15.96069102832161,27.712256224102916,1.3740224830426058,0.005059944861565334,0.5217085791128655,0.510440247246342,34.0,94.45957689145727,1.0,12.0,3.0,3.0,56.37,4.0
516,BANFI PRODUCTS CORP,228103.0,228103.0,1628866.68,221040.0,2646325.62,2645625.2199999997,700.4,1628866.68,1041178.8600000001,8510.409934,7.140926160550277,39.35473747865165,1.6246422451222344,0.005224743091926959,0.5060151619453652,0.5853887402573353,35.0,94.96559205340264,3.0,145.0,37.5,36.0,270.69,3.8666666666666667
2242,DELICATO VINEYARDS INC,192642.0,192642.0,1561444.63,190364.0,2357727.88,2357402.46,325.42,1561444.63,824174.84,7982.649957,8.105421611071312,34.96114278255229,1.5099657296205247,0.005112349041156842,0.48507018224362647,0.521548574034815,36.0,95.45066223564628,1.0,220.0,37.5,29.0,95.7,5.866666666666666
653,STATE WINE & SPIRITS,154092.0,154092.0,1529682.04,157700.0,2299075.4,2293833.3800000004,5242.02,1529682.04,741363.1599999999,8014.9798900000005,9.927069802455676,32.31983484345318,1.5029760040851365,0.005239637833493816,0.47520298296943286,0.5085741686477075,37.0,95.92586521861571,6.0,196.0,69.5,60.0,713.31,2.820143884892086
1590,DIAGEO CHATEAU ESTATE WINES,187841.0,187841.0,1365472.83,190779.0,2185030.89,2182527.2600000007,2503.63,1365472.83,809958.2899999999,7259.749948999999,7.2693013239921,37.11102742423476,1.600200928201552,0.005316656464706074,0.42419061282808374,0.4833465959190858,38.0,96.3500558314438,4.0,118.0,18.0,19.0,138.82000000000002,6.555555555555555
1587,VINEYARD BRANDS INC,171919.0,171919.0,1196162.81,166244.0,1845237.53,1842143.0999999999,3094.43,1196162.81,677368.1299999999,6015.019247,6.957711538573398,36.77065750212348,1.5426307477324095,0.005028595770336648,0.371593651860552,0.4081815423614638,39.0,96.72164948330435,2.0,70.0,14.5,10.0,155.94,4.827586206896552
2555,DISARONNO INTERNATIONAL LLC,103095.0,103095.0,1141947.85,103394.0,1725427.16,1725259.23,167.93,1141947.8499999999,568715.8799999999,5861.0299939999995,11.076655996896065,32.96408273671429,1.5109509247729656,0.00513248481005503,0.35475151732547666,0.38167851452769885,40.0,97.07640100062983,,,,,,
9744,FREDERICK WILDMAN & SONS,70932.0,70932.0,759449.24,69327.0,1143044.57,1127940.9600000004,15103.61,759449.24,398414.73,3999.929944,10.706722494783737,35.32230357163373,1.5050967329956115,0.005266882542406652,0.23592650944759,0.2528507511824216,41.0,97.31232751007742,4.0,91.0,202.0,170.0,2616.38,0.4504950495049505
8320,SHAW ROSS INT L IMP LTD,69127.0,69127.0,624979.64,68146.0,856945.64,856945.6399999999,0.0,624979.64,249954.25999999995,3151.919982,9.041035196088359,29.16804151077774,1.3711576908329366,0.005043236259664395,0.1941528902458463,0.18956334204579706,42.0,97.50648040032327,3.0,309.0,66.0,82.0,716.53,4.681818181818182
90024,VINILANDIA USA,59428.0,59428.0,548855.37,57335.0,826960.05,818830.3600000001,8129.6900000000005,548855.37,308759.67,2802.6399140000003,9.235635895537458,37.707403765536974,1.5066993878551285,0.005106335962423034,0.17050452461531926,0.18293028577210504,43.0,97.6769849249386,2.0,71.0,10.0,6.0,53.04,7.1
9206,PHILLIPS PRODUCTS CO.,40054.0,40054.0,430945.89,43680.0,600363.7,599428.95,934.75,430945.89,178899.18,2211.829987,10.759122434713138,29.84493491680707,1.3931301212781029,0.005132500479352524,0.13387538525745984,0.13280533105341463,44.0,97.81086031019605,,,,,,
6359,OLE SMOKY DISTILLERY LLC,110162.0,110162.0,387622.69,106890.0,498686.6,498602.63999999996,83.96,387622.69,115078.45999999996,1921.9999910000001,3.5186606089214068,23.080194681680783,1.286525822314478,0.00495843004185333,0.12041682763996872,0.11031352995676082,45.0,97.93127713783602,,,,,,
9625,WESTERN SPIRITS BEVERAGE CO,56860.0,56860.0,361249.21,49379.0,443217.71,443070.19999999995,147.51,361249.21,106027.81000000001,1933.18999,6.353310059795991,23.930250781930273,1.2269029183482505,0.005351402678499975,0.11222378095473429,0.09804336055841871,46.0,98.04350091879076,,,,,,
1655,FABRIZIA SPIRITS LLC,28071.0,28071.0,358390.62,25508.0,396503.92,396503.92,0.0,358390.62,86808.19,1824.889996,12.767290798332798,21.893400196396545,1.1063456962126965,0.005091902226682161,0.11133574640927633,0.08770989045403084,47.0,98.15483666520004,,,,,,
4380,CHARLES JACQUIN ET CIE INC,43947.0,43947.0,329637.62,43474.0,450266.16,450266.16000000003,0.0,329637.62,124776.25000000001,1675.3899949999998,7.500799144423965,27.711665029412824,1.365942879941919,0.0050825206024724965,0.10240349054692723,0.09960253499828482,48.0,98.25724015574697,,,,,,
4950,LATITUDE BEVERAGE COMPANY,53090.0,53090.0,316446.76,49789.0,471551.11,471483.15,67.96,316446.76,176209.87000000002,1609.9999789999997,5.960571859107176,37.37352437727626,1.4901435868706634,0.005087743603378969,0.09830568730676358,0.10431093897275126,49.0,98.35554584305373,,,,,,
5992,MCCORMICK DISTILLING CO,29788.0,29788.0,310552.87,28998.0,385759.72,385182.16000000003,577.5600000000001,310552.87,88431.07,1567.849988,10.425435410232309,22.95824656053645,1.2421708419567978,0.0050485767141678645,0.09647472241598555,0.08533318606983156,50.0,98.45202056546972,3.0,983.0,182.0,156.0,810.6999999999999,5.4010989010989015
17031,FLAG HILL WINERY & VINEYARD,20608.0,20608.0,300403.2,20788.0,411807.12,411807.12,0.0,300403.2,113289.04,1573.3099889999999,14.577018633540373,27.510218861684564,1.3708479803144573,0.005237327661622778,0.09332167927758578,0.09109508270029193,51.0,98.5453422447473,,,,,,
90047,CRUSH WINES,26349.0,26349.0,287189.9,25333.0,420237.07,417131.87,3105.2,287189.9,155838.72,1457.72993,10.899461080116893,37.359581275820524,1.4632724549157194,0.005075839818879424,0.0892169049449604,0.09295985617096267,52.0,98.63455914969227,9.0,278.0,94.5,93.0,1161.73,2.941798941798942
1273,CALEDONIA SPIRITS INC,8202.0,8202.0,259604.7,7162.0,278648.38,278648.38,0.0,259604.69999999998,54539.020000000004,1319.769999,31.65138990490124,19.572703060394613,1.0733564530996549,0.00508376773995232,0.0806474316929842,0.061639286907915466,53.0,98.71520658138525,,,,,,
1601,VRANKEN AMERICA,13094.0,13094.0,208330.15,13469.0,341658.31,341398.51,259.8,208330.15,121616.54999999999,1048.969992,15.910352069650221,35.623046509488276,1.6399849469699896,0.005035132898430689,0.064718749474544,0.07557759565859856,54.0,98.7799253308598,,,,,,
5270,MANGO BOTTLING INC,28414.0,28414.0,204510.38,26875.0,244549.25,242291.51,2257.74,204510.38,50489.12,1034.419999,7.197521644259872,20.83817134162068,1.195779158006552,0.005058031768363053,0.06353211980197677,0.054096282145496576,55.0,98.84345745066177,,,,,,
4848,LAIRD & CO,21422.0,21422.0,203011.58,20141.0,213108.09,213108.09,0.0,203011.58000000002,29726.31,1043.689992,9.476779945850062,13.948935490905109,1.0497336654391833,0.005141036742830138,0.06306651047124646,0.04714124195485317,56.0,98.90652396113302,,,,,,
8150,SEA HAGG DISTILLERY LLC,15412.0,15412.0,188044.46,13160.0,213422.4,213002.55000000002,419.85,188044.46,51829.28999999999,935.519995,12.201171814170776,24.332708692924093,1.134957126628458,0.00497499365309672,0.0584169036350039,0.047210769882013656,57.0,98.96494086476802,,,,,,
5455,MARSALLE COMPANY,7158.0,7158.0,185311.19,6640.0,215253.6,215253.6,0.0,185311.19,41610.52000000001,937.2099969999999,25.888682592903045,19.330928727788994,1.1615790713987644,0.005057492734248805,0.05756780034209942,0.04761584620862203,58.0,99.02250866511012,,,,,,
2496,DUGGANS DISTILLED PRODUCTS,18814.0,18814.0,184296.5,15738.0,202338.62,202338.61999999997,0.0,184296.5,50444.95,939.2699969999999,9.795710641012013,24.93095485182216,1.097897247099104,0.0050965156527660585,0.0572525820796236,0.044758947641223255,59.0,99.07976124718975,,,,,,
98450,Serralles Usa LLC,10463.0,10463.0,168993.61000000002,10607.0,204150.93000000002,204060.0,90.93,168993.61,48666.92000000002,856.019993,16.151544490107998,23.849318827795756,1.2080393453930003,0.005065398585189109,0.05249866669989339,0.04515984534626674,60.0,99.13225991388964,,,,,,
4466,AMERICAN VINTAGE BEVERAGE,15778.0,15778.0,156357.28,14637.0,190134.63,190134.62999999998,0.0,156357.28,45842.01999999999,793.909999,9.909828875649639,24.110294899987444,1.2160267177837834,0.0050775377967690405,0.048573130835076576,0.04205932584176642,61.0,99.18083304472472,,,,,,
90032,LABELLE VYDS AND WINERY,12855.0,12855.0,146839.55,12430.0,203067.7,203067.7,0.0,146839.55,67531.40000000001,778.249995,11.422757681835861,33.25560884375014,1.3829223802442872,0.005300002587858653,0.045616402855778566,0.044920226064226555,62.0,99.2264494475805,,,,,,
90056,SWEET BABY VINEYARD,16805.0,16805.0,140577.9,14773.0,184253.27000000002,184253.27000000002,0.0,140577.9,60645.240000000005,703.639999,8.365242487354953,32.914064428815834,1.3106844674731948,0.005005338669876275,0.04367119157624328,0.040758321197674335,63.0,99.27012063915674,,,,,,
10050,Russian Standard Vodka,12798.0,12798.0,138907.27,15207.0,139327.43,139135.55,191.88,138907.27,38823.17,732.5999949999999,10.853826379121736,27.903127561575747,1.0030247516922621,0.005274021978835233,0.04315220244080293,0.030820360168297076,64.0,99.31327284159755,,,,,,
7255,PSP WINES,16493.0,16493.0,128895.69,14594.0,171646.56,171480.68,165.88,128895.69,57075.020000000004,648.709986,7.815175529012309,33.28364454817884,1.331670283156869,0.005032829150454914,0.040042057616041106,0.03796961446033429,65.0,99.35331489921359,,,,,,
1189,BULLY BOY DISTILLERS,5382.0,5382.0,117928.22,4447.0,119484.53,119484.53,0.0,117928.22,22140.339999999993,609.389997,21.911597918989223,18.5298799769309,1.0131970956570022,0.0051674654039550495,0.03663496102776727,0.026430949376872143,66.0,99.38994986024136,,,,,,
6355,NICHE W & S,9277.0,9277.0,111031.77,10404.0,114938.95999999999,114938.95999999999,0.0,111031.76999999999,28644.44,551.209995,11.968499514929395,24.921436560762338,1.035189838007626,0.0049644349090354955,0.03449254611656157,0.025425432339988546,67.0,99.42444240635793,,,,,,
17033,SEA BREEZE CELLARS LLC,8473.0,8473.0,108948.09,7106.0,149564.94,149519.97,44.97,108948.09,60185.869999999995,549.549992,12.8582662575239,40.252730120264204,1.3728091974811123,0.0050441452622069834,0.03384524103899542,0.033084980605396525,68.0,99.45828764739692,1.0,32.0,5.0,7.0,47.88,6.4
4550,KLIN SPIRITS LLC,6840.0,6840.0,103484.29,6606.0,147675.94,147675.93999999997,0.0,103484.29,49359.759999999995,531.4999990000001,15.129282163742689,33.42437502006082,1.427037282663871,0.005136045277983742,0.032147885647185764,0.03266711844890722,69.0,99.4904355330441,,,,,,
90010,VINEXTRA INC,8530.0,8530.0,102639.51,8021.0,141335.79,138302.16,3033.63,102639.51,44425.57,524.9399840000001,12.032767878077374,32.122108577335304,1.377011542631098,0.005114404618650266,0.031885450732310965,0.0312646257271149,70.0,99.52232098377641,3.0,94.0,26.0,27.0,281.94,3.6153846153846154
90058,ZORVINO VINEYARDS,10550.0,10550.0,86122.70999999999,10141.0,124189.59,124189.59,0.0,86122.71,40931.13999999999,448.679998,8.163290047393366,32.95859177890836,1.4420074565698178,0.005209775656153877,0.02675442845194901,0.02747174689831819,71.0,99.54907541222836,,,,,,
7154,PREMIER DISTRIBUTORS,5916.0,5916.0,84530.87000000001,5566.0,109091.34,109091.34000000001,0.0,84530.87000000001,26216.089999999997,432.36999599999996,14.288517579445573,24.031320909615737,1.2905503042852864,0.00511493607010078,0.026259915803810673,0.024131891258183356,72.0,99.57533532803217,,,,,,
60,ADAMBA IMPORTS INTL INC,4732.0,4732.0,76770.25,3978.0,67576.22,67576.22,0.0,76770.25,3081.170000000007,367.519998,16.223636939983095,4.55954772255685,0.880239676176644,0.004787271084827781,0.023849042382238533,0.01494840922000844,73.0,99.5991843704144,,,,,,
17037,Dunn Wine Brokers,5448.0,5448.0,72055.3,4117.0,83061.33,79546.87,3514.46,72055.3,26333.229999999996,358.029987,13.226009544787079,33.10404293720167,1.1527442117373738,0.004968822376702338,0.022384320795684687,0.018373841437093752,74.0,99.62156869121009,1.0,2.0,8.5,8.0,204.08,0.23529411764705882
6215,MOONLIGHT MEADERY,7967.0,7967.0,71357.59,7123.0,95208.77,95208.77000000002,0.0,71357.59,31206.979999999992,365.60999699999996,8.9566449102548,32.77742165979036,1.3342486762795662,0.005123631515582295,0.02216757387405148,0.021060953916831434,75.0,99.64373626508414,,,,,,
28750,SMOKY QUARTZ DISTILLERY LLC,3197.0,3197.0,69803.70999999999,2739.0,76449.11,76449.11,0.0,69803.71,16749.38,342.649997,21.834128870816393,21.909189001677063,1.0952012436015222,0.004908764834992295,0.021684853680006094,0.016911164619527984,76.0,99.66542111876414,,,,,,
6830,PARK STREET IMPORTS LLC,4349.0,4349.0,69459.42,3503.0,77594.47,77288.67,305.8,69459.42,22720.070000000007,360.28999500000003,15.97135433432973,29.396378537759816,1.1171194634219521,0.005187057349456705,0.021577898358097137,0.017164527562649527,77.0,99.68699901712225,,,,,,
7240,"PREMIUM PORT WINES, INC.",8167.0,8167.0,59760.74,8024.0,86057.76,86057.76,0.0,59760.74,27410.540000000005,301.199999,7.317342965593241,31.85132868901074,1.4400383930988805,0.005040098214981943,0.018564957402821245,0.0190366761123554,78.0,99.70556397452506,,,,,,
17032,JEWELL TOWNE VINEYARDS,6630.0,6630.0,54332.37,6318.0,85230.82,85230.81999999999,0.0,54332.369999999995,34009.32,283.60999599999997,8.194927601809955,39.902608000251554,1.5686932117998902,0.005219908426597256,0.01687860850860152,0.018853750261806294,79.0,99.72244258303367,,,,,,
8735,SURVILLE ENTERPRISES CORP,6504.0,6504.0,51325.77,6515.0,80444.85,80444.85,0.0,51325.770000000004,28260.45,263.31998899999996,7.891416051660517,35.130216539654185,1.567338395507754,0.005130366071468582,0.01594459395444234,0.017795054790608233,80.0,99.73838717698811,,,,,,
2450,DJINN SPIRITS LLC,2637.0,2637.0,48830.78,2177.0,56731.23,56731.229999999996,0.0,48830.78,16065.22,251.279996,18.517550246492224,28.31812389754285,1.1617924186343123,0.005145934510978526,0.015169513474005435,0.012549409268444126,81.0,99.75355669046212,,,,,,
28776,TALL SHIP DISTILLERY LLC,2236.0,2236.0,48445.58,1786.0,49533.14,49533.14,0.0,48445.58,11132.300000000003,259.899998,21.66618067978533,22.474448419785226,1.022449106812221,0.005364782463126667,0.015049849266507893,0.010957133244090433,82.0,99.76860653972862,,,,,,
90011,FORTUNE WINE BROKERS LLC,5072.0,5072.0,46940.17,4707.0,72952.93,72842.01,110.92,46940.17,27026.609999999997,238.60996999999998,9.254765378548896,37.10305358130562,1.5541684233354927,0.005083278778070041,0.01458218650791787,0.016137781181584737,83.0,99.78318872623655,8.0,381.0,159.0,156.0,1381.8899999999999,2.3962264150943398
8920,TAKARA SAKE USA INC,9066.0,9066.0,45289.34,8973.0,64082.97,64082.97,0.0,45289.34,19178.629999999997,232.989999,4.99551511140525,29.927810774063683,1.4149680697488638,0.005144477685035817,0.014069348336414312,0.014175673921884416,84.0,99.79725807457297,1.0,99.0,3.0,3.0,168.09,33.0
90027,POVERTY LANE ORCHARDS,5872.0,5872.0,45269.01,6341.0,73642.09,73642.09,0.0,45269.01,24735.53,229.879998,7.709300068119892,33.58884844251433,1.6267660812551454,0.005078087592372795,0.014063032725463056,0.01629022897606127,85.0,99.81132110729843,2.0,167.0,93.5,38.0,299.82,1.786096256684492
9622,WEIN BAUER INC,3014.0,3014.0,43517.0,2867.0,56930.23,56930.23,0.0,43516.99999999999,15469.22,222.229997,14.438287989382877,27.172242234046827,1.3082296573752787,0.005106739825815198,0.013518762506933017,0.01259342968620028,86.0,99.82483986980536,,,,,,
1650,Circa Wines,3320.0,3320.0,42554.34,2455.0,44618.75,44414.869999999995,203.88,42554.340000000004,15681.399999999998,211.969968,12.817572289156628,35.30664392353282,1.0485123256523308,0.004981159806496823,0.013219707610802212,0.00987003022491124,87.0,99.83805957741616,3.0,149.0,45.0,36.0,367.64,3.311111111111111
388,ATLANTIC IMPORTING COMPANY,1847.0,1847.0,41116.32,1825.0,59272.75,59272.74999999999,0.0,41116.32,15258.269999999993,211.739998,22.26113697888468,25.74247019077062,1.4415869416329088,0.005149779892753049,0.012772979875429373,0.013111614153547729,88.0,99.8508325572916,,,,,,
173357,TAMWORTH DISTILLING,1990.0,1990.0,41036.44,1488.0,40021.12,40021.12,0.0,41036.44,9595.98,202.49999799999998,20.62132663316583,23.97728999088481,0.9752580876898679,0.004934638531022671,0.012748164774456104,0.008852997092809633,89.0,99.86358072206605,,,,,,
2000,SOUTHERN GLAZERS W&S OF NE,4198.0,4198.0,40803.92,3288.0,40440.12,40440.12,0.0,40803.92,13212.960000000001,207.439393,9.71984754645069,32.67290008041519,0.9910841899503774,0.0050838104035102515,0.012675931333315583,0.008945683299039924,90.0,99.87625665339937,,,,,,
9260,TY KU LLC,3003.0,3003.0,38921.47,2490.0,44141.6,44141.6,0.0,38921.469999999994,14449.569999999996,198.93999700000003,12.96086247086247,32.734585968791336,1.1341195489276226,0.005111317660920824,0.01209113930994136,0.009764480765954717,91.0,99.88834779270931,,,,,,
90046,CANDIA VINEYARDS,2609.0,2609.0,36588.01,2567.0,52623.33,52623.33,0.0,36588.01,16847.449999999997,194.129998,14.023767727098505,32.015172738023224,1.4382670716445087,0.005305836474845174,0.011366238890348376,0.011640708393567244,92.0,99.89971403159966,,,,,,
1703,ALISA CARR BEVERAGES,438.0,438.0,34951.68,1062.0,118167.38,113590.18,4577.2,34951.68,38780.659999999996,171.99999499999998,79.79835616438356,34.1408561902094,3.380878401267121,0.004921079473146927,0.010857905212636913,0.02613958508919618,93.0,99.91057193681229,,,,,,
172662,SWEETWATER FARM,1629.0,1629.0,34708.03,1237.0,35049.63,35049.63,0.0,34708.03,8813.199999999999,178.33999699999998,21.30634131368938,25.144915937771668,1.0098421028217388,0.005138292118567375,0.01078221418419253,0.007753263089440107,94.0,99.92135415099648,,,,,,
99166,STARK BREWING COMPANY,1212.0,1212.0,25961.04,846.0,25371.54,25371.54,0.0,25961.04,7250.220000000001,130.09,21.42,28.576192064021345,0.9772928973569626,0.00501097028470354,0.008064920242502662,0.005612390904105214,95.0,99.92941907123898,,,,,,
12331,STELLAR IMPORTING CO LLC,3104.0,3104.0,24560.079999999998,2987.0,35480.63,35480.63,0.0,24560.079999999998,12495.380000000003,119.22999000000002,7.912396907216494,35.21746936286082,1.4446463529434757,0.0048546254735326606,0.007629705371952924,0.007848603793223533,96.0,99.93704877661094,,,,,,
90053,INCREDIBREW INC,2786.0,2786.0,24525.84,2698.0,35508.520000000004,35508.520000000004,0.0,24525.84,11778.480000000001,124.439998,8.8032447954056,33.17085589599341,1.4478003607623635,0.005073832252024803,0.007619068553508699,0.007854773287953278,97.0,99.94466784516445,,,,,,
3950,"HOOD RIVER DISTILLERS, Inc.",1137.0,1137.0,24035.96,1271.0,29403.29,29380.8,22.49,24035.96,3132.720000000001,117.51999799999999,21.13980650835532,10.662473452050323,1.2233041659247228,0.004889340721152806,0.007466885007379683,0.006504246779926163,98.0,99.95213473017182,2.0,70.0,12.0,7.0,126.41,5.833333333333333
7749,R.P.IMPORTS INC,498.0,498.0,18776.87,1038.0,54266.62,50845.6,3421.02,18776.87,16963.73,91.49998000000001,37.704558232931724,33.36322120301462,2.8900780588031982,0.004873015577143582,0.0058331237482720615,0.012004217500574822,99.0,99.9579678539201,6.0,65.0,82.5,62.0,2394.3199999999997,0.7878787878787878
90017,THE IMPORTED GRAPE LLC,2280.0,2280.0,16093.77,1736.0,22179.74,21369.910000000007,809.8299999999999,16093.77,9244.18,80.02998699999999,7.0586710526315795,43.25792668289196,1.378156889280759,0.004972730876606288,0.004999606003888213,0.004906338796597234,100.0,99.96296745992399,2.0,106.0,20.0,21.0,156.32999999999998,5.3
90059,BLACK COVE BEVERAGES,919.0,919.0,14465.06,313.0,6256.87,6256.87,0.0,14465.06,1330.25,74.84,15.74,21.26063031515758,0.43255057358904836,0.00517384649631595,0.004493639515328182,0.0013840705087735626,101.0,99.96746109943932,,,,,,
105,ALTAMAR BRANDS LLC,332.0,332.0,11706.2,325.0,15748.75,15706.81,41.94,11706.2,4464.839999999999,62.389998999999996,35.25963855421687,28.426141272479892,1.345334096461704,0.0053296542857630995,0.003636586567517505,0.0034837515283276856,102.0,99.97109768600684,,,,,,
90051,FULCHINO VINEYARD INC,949.0,949.0,11147.77,836.0,14441.64,14441.64,0.0,11147.77,4644.820000000001,54.909999,11.746859852476291,32.16269066394122,1.2954734444646776,0.004925648717187384,0.003463107638667938,0.003194608170271179,103.0,99.97456079364551,,,,,,
1587,VINEYARD BRANDS LLC,371.0,371.0,10951.509999999998,104.0,4323.96,4323.96,0.0,10951.509999999998,1444.19,55.070716000000004,29.518894878706195,33.39970767537165,0.3948277452150435,0.005028595691370415,0.0034021385385550923,0.0009564951033210749,104.0,99.97796293218407,,,,,,
90057,WALPOLE MTN VIEW WINERY,805.0,805.0,9292.31,662.0,11483.880000000001,11483.880000000001,0.0,9292.31,3842.86,46.739998,11.543242236024843,33.463080422296294,1.2358477063292121,0.005029965423021832,0.0028867001868418947,0.0025403276133745055,105.0,99.9808496323709,,,,,,
2876,CENTEUR IMPORTS LLC,771.0,771.0,6237.08,619.0,7474.8099999999995,7474.8099999999995,0.0,6237.08,2547.2299999999996,31.499995000000002,8.089597924773022,34.077521702892774,1.1984470296997953,0.00505043946846922,0.0019375784924682716,0.0016534887379289825,106.0,99.98278721086338,,,,,,
2396,BLACK PRINCE DISTILLERY INC,807.0,807.0,5971.94,1115.0,11818.849999999999,11697.04,121.81,5971.9400000000005,2664.479999999998,30.979998,7.400173482032219,22.779096249991433,1.9790637548267396,0.0051875936462857965,0.0018552114935692615,0.0026144257004889694,107.0,99.98464242235694,,,,,,
90037,THE PIERPONT GROUP LLC,580.0,580.0,5713.19,1079.0,17937.21,17531.5,405.71,5713.1900000000005,4945.350000000001,27.979997000000004,9.850327586206898,28.20836779511166,3.139613770940578,0.004897438558843659,0.0017748295784862152,0.003967856671255474,108.0,99.98641725193542,,,,,,
2,"IRA GOLDMAN AND WILLIAMS, LLP",328.0,328.0,5630.88,42.0,1265.58,1265.58,0.0,5630.88,428.1,27.079998999999997,17.167317073170732,33.82638790119945,0.22475705395959422,0.004809194832779245,0.001749259586484339,0.0002799565844413653,109.0,99.98816651152191,,,,,,
3951,HIGHLAND WINE MERCHANTS LLC,372.0,372.0,5500.32,82.0,1533.68,1533.68,0.0,5500.32,494.59,29.429994,14.785806451612903,32.24857858223358,0.2788346859819065,0.00535059669255607,0.0017087005030708411,0.0003392624839409861,110.0,99.98987521202498,,,,,,
3551,GILMANTON WINERY & VINEYARD,516.0,516.0,5393.040000000001,240.0,3837.6,3837.6,0.0,5393.04,1330.3,26.629998999999998,10.451627906976745,34.66489472587034,0.7115838191446753,0.004937845630664708,0.001675373462104236,0.00084890831749252,111.0,99.99155058548709,,,,,,
90052,HAUNTING WHISPER VYDS,669.0,669.0,5388.58,611.0,7325.889999999999,7325.889999999999,0.0,5388.58,2393.32,27.609999000000002,8.054678624813153,32.669341199499314,1.3595214323625147,0.005123798663098628,0.0016739879419447367,0.0016205464232945791,112.0,99.99322457342903,,,,,,
9751,VINEDREA WINES LLC,205.0,205.0,4657.6,440.0,11385.6,11385.6,0.0,4657.599999999999,1388.800000000001,24.53,22.72,12.19786396852165,2.444520783236001,0.0052666609412573,0.0014469055369692584,0.002518587278414331,113.0,99.994671478966,,,,,,
6280,UNCORKED,243.0,243.0,2966.31,62.0,1124.3799999999999,1091.39,32.99,2966.31,344.63,15.259996999999998,12.207037037037036,31.577163067281173,0.3790500655696808,0.005144437702060809,0.0009214982745120406,0.0002487219965661454,114.0,99.9955929772405,,,,,,
8663,STAR INDUSTRIES INC.,151.0,151.0,2452.29,428.0,7914.719999999999,7870.759999999999,43.96,2452.29,998.3199999999999,12.439999,16.240331125827815,12.683908542504154,3.227481252217315,0.005072809088647754,0.0007618155228560508,0.0017508004061456113,115.0,99.99635479276336,,,,,,
287,APPOLO VINEYARDS LLC,230.0,230.0,2399.7,108.0,1616.92,1616.92,0.0,2399.7,489.51999999999987,12.279999,10.433478260869565,30.27484352967369,0.6738008917781391,0.005117305913239155,0.0007454781898542445,0.0003576758486345647,116.0,99.99710027095321,,,,,,
5083,LOYAL DOG WINERY,240.0,240.0,2320.8,74.0,1111.26,1111.26,0.0,2320.8,395.67999999999995,10.68,9.67,35.60642873854903,0.4788262668045501,0.004601861427094105,0.0007209675305303707,0.00024581974590805135,117.0,99.99782123848374,,,,,,
1003,BRONCO WINE COMPANY,433.0,433.0,2071.9,334.0,2400.66,2400.6600000000003,0.0,2071.9,779.53,10.529997000000002,4.784988452655889,32.47148700773953,1.158675611757324,0.005082290168444424,0.0006436455646785053,0.0005310455079923892,118.0,99.99846488404842,,,,,,
5612,MILTONS DISTRIBUTING CO,267.0,267.0,1824.18,261.0,2661.69,2355.12,306.57,1824.18,791.98,9.459990999999999,6.8321348314606745,33.628010462311906,1.4591158767226917,0.0051858868094157365,0.0005666901714248931,0.0005887874660169547,119.0,99.99903157421984,,,,,,
200,AMERICAN SPIRITS EXCHANGE,132.0,132.0,1205.16,103.0,1719.97,1719.97,0.0,1205.16,759.58,6.189999,9.13,44.162398181363635,1.4271714959009592,0.005136246639450363,0.0003743886716192613,0.0003804713463721101,120.0,99.99940596289146,,,,,,
1265,BLACK ROCK SPIRITS LLC,82.0,82.0,1152.1,82.0,2049.18,2049.18,0.0,1152.1000000000001,897.0799999999997,5.79,14.050000000000002,43.777511004401745,1.77864768683274,0.005025605416196511,0.0003579053308876422,0.00045329527466106997,121.0,99.99976386822235,,,,,,
9099,TRUETT HURST,24.0,24.0,236.64,1.0,14.99,14.99,0.0,236.64,5.130000000000001,1.25,9.86,34.2228152101401,0.0633451656524679,0.005282285327924273,7.351333868696436e-05,3.3159098601242636e-06,122.0,99.99983738156104,,,,,,
4901,LAUREATE IMPORTS CO,29.0,29.0,140.94,0.0,0.0,,0.0,140.94,,0.72,4.86,,0.0,0.005108556832694764,4.37836796591479e-05,0.0,123.0,99.9998811652407,,,,,,
90033,FANTASY FINE WINES CORP,24.0,24.0,128.64,41.0,327.59,327.59,0.0,128.64000000000001,107.82999999999996,0.61,5.36,32.916145181476836,2.5465640547263684,0.004741915422885572,3.996262630447556e-05,7.24655711192867e-05,124.0,99.999921127867,,,,,,
54,AAPER ALCOHOL & CHEMICAL CO,1.0,1.0,105.07,0.0,0.0,,0.0,105.07,,0.48,105.07,,0.0,0.004568382982773389,3.264049398174166e-05,0.0,125.0,99.99995376836098,,,,,,
90026,SILVER MOUNTAIN CIDERS,17.0,17.0,77.18,52.0,381.48,342.51,38.97,77.18,120.04999999999998,0.36,4.54,35.05007153075822,4.942731277533039,0.00466442083441306,2.397633316370821e-05,8.438647721415639e-05,126.0,99.99997774469415,,,,,,
1439,CAPSTONE INTERNATIONAL,4.0,4.0,54.64,13.0,246.87,246.87,0.0,54.64,69.28999999999999,0.27,13.66,28.06740389678778,4.51811859443631,0.004941434846266472,1.697417522758508e-05,5.460965091186638e-05,127.0,99.99999471886937,,,,,,
201359,FLAVOR ESSENCE INC,1.0,1.0,17.0,59.0,1474.41,1474.41,0.0,17.0,471.4100000000001,0.09,17.0,31.97278911564626,86.73,0.005294117647058823,5.2811306527991645e-06,0.0003261514781097943,128.0,100.00000000000003,,,,,,
1002,BERNIKO LLC,0.0,0.0,0.0,1.0,16.99,,16.99,0.0,,,,,,,,3.7583261189800694e-06,129.0,100.00000000000003,,,,,,
9710,WHYTE & MACKAY,0.0,0.0,0.0,2.0,31.98,,31.98,0.0,,,,,,,,7.0742359791043334e-06,129.0,100.00000000000003,,,,,,
90034,EXCLUSIVE WINES & SPIRITS,0.0,0.0,0.0,2.0,55.98,,55.98,0.0,,,,,,,,1.2383231085374003e-05,129.0,100.00000000000003,,,,,,
